[{"pk": 24, "model": "contenttypes.contenttype", "fields": {"model": "bitacora", "name": "bitacora", "app_label": "clinica"}}, {"pk": 35, "model": "contenttypes.contenttype", "fields": {"model": "cancelentrada", "name": "cancel entrada", "app_label": "inventario"}}, {"pk": 37, "model": "contenttypes.contenttype", "fields": {"model": "cancelpaquete", "name": "cancel paquete", "app_label": "consumidos"}}, {"pk": 41, "model": "contenttypes.contenttype", "fields": {"model": "cancelpaqueteconsumido", "name": "cancel paquete consumido", "app_label": "consumidos"}}, {"pk": 33, "model": "contenttypes.contenttype", "fields": {"model": "cancelproducto", "name": "cancel producto", "app_label": "inventario"}}, {"pk": 5, "model": "contenttypes.contenttype", "fields": {"model": "contenttype", "name": "content type", "app_label": "contenttypes"}}, {"pk": 27, "model": "contenttypes.contenttype", "fields": {"model": "cotizacion", "name": "cotizacion", "app_label": "cotizacion"}}, {"pk": 29, "model": "contenttypes.contenttype", "fields": {"model": "cotizacionitem", "name": "cotizacion item", "app_label": "cotizacion"}}, {"pk": 34, "model": "contenttypes.contenttype", "fields": {"model": "entrada", "name": "entrada", "app_label": "inventario"}}, {"pk": 16, "model": "contenttypes.contenttype", "fields": {"model": "evaluacion", "name": "evaluacion", "app_label": "altas"}}, {"pk": 3, "model": "contenttypes.contenttype", "fields": {"model": "group", "name": "group", "app_label": "auth"}}, {"pk": 10, "model": "contenttypes.contenttype", "fields": {"model": "grupo", "name": "grupo", "app_label": "altas"}}, {"pk": 28, "model": "contenttypes.contenttype", "fields": {"model": "historicalcotizacionitem", "name": "historical cotizacion item", "app_label": "cotizacion"}}, {"pk": 15, "model": "contenttypes.contenttype", "fields": {"model": "historicalevaluacion", "name": "historical evaluacion", "app_label": "altas"}}, {"pk": 9, "model": "contenttypes.contenttype", "fields": {"model": "historicalgrupo", "name": "historical grupo", "app_label": "altas"}}, {"pk": 11, "model": "contenttypes.contenttype", "fields": {"model": "historicalmedico", "name": "historical medico", "app_label": "altas"}}, {"pk": 13, "model": "contenttypes.contenttype", "fields": {"model": "historicalpaciente", "name": "historical paciente", "app_label": "altas"}}, {"pk": 47, "model": "contenttypes.contenttype", "fields": {"model": "historicalpago", "name": "historical pago", "app_label": "pagos"}}, {"pk": 39, "model": "contenttypes.contenttype", "fields": {"model": "historicalpaqueteconsumido", "name": "historical paquete consumido", "app_label": "consumidos"}}, {"pk": 45, "model": "contenttypes.contenttype", "fields": {"model": "historicalpreciotratamiento", "name": "historical precio tratamiento", "app_label": "precios"}}, {"pk": 31, "model": "contenttypes.contenttype", "fields": {"model": "historicalproducto", "name": "historical producto", "app_label": "inventario"}}, {"pk": 43, "model": "contenttypes.contenttype", "fields": {"model": "historicalproductoconsumido", "name": "historical producto consumido", "app_label": "consumidos"}}, {"pk": 25, "model": "contenttypes.contenttype", "fields": {"model": "historicalradiografia", "name": "historical radiografia", "app_label": "clinica"}}, {"pk": 51, "model": "contenttypes.contenttype", "fields": {"model": "historicalservicio", "name": "historical servicio", "app_label": "servicios"}}, {"pk": 19, "model": "contenttypes.contenttype", "fields": {"model": "historicaltratamiento", "name": "historical tratamiento", "app_label": "altas"}}, {"pk": 17, "model": "contenttypes.contenttype", "fields": {"model": "historicaltratamientopreventivo", "name": "historical tratamiento preventivo", "app_label": "altas"}}, {"pk": 21, "model": "contenttypes.contenttype", "fields": {"model": "interrogatorio", "name": "interrogatorio", "app_label": "clinica"}}, {"pk": 1, "model": "contenttypes.contenttype", "fields": {"model": "logentry", "name": "log entry", "app_label": "admin"}}, {"pk": 12, "model": "contenttypes.contenttype", "fields": {"model": "medico", "name": "medico", "app_label": "altas"}}, {"pk": 8, "model": "contenttypes.contenttype", "fields": {"model": "migrationhistory", "name": "migration history", "app_label": "south"}}, {"pk": 22, "model": "contenttypes.contenttype", "fields": {"model": "odontograma", "name": "odontograma", "app_label": "clinica"}}, {"pk": 14, "model": "contenttypes.contenttype", "fields": {"model": "paciente", "name": "paciente", "app_label": "altas"}}, {"pk": 48, "model": "contenttypes.contenttype", "fields": {"model": "pago", "name": "pago", "app_label": "pagos"}}, {"pk": 49, "model": "contenttypes.contenttype", "fields": {"model": "pagoaplicado", "name": "pago aplicado", "app_label": "pagos"}}, {"pk": 36, "model": "contenttypes.contenttype", "fields": {"model": "paquete", "name": "paquete", "app_label": "consumidos"}}, {"pk": 40, "model": "contenttypes.contenttype", "fields": {"model": "paqueteconsumido", "name": "paquete consumido", "app_label": "consumidos"}}, {"pk": 42, "model": "contenttypes.contenttype", "fields": {"model": "paqueteconsumidoitem", "name": "paquete consumido item", "app_label": "consumidos"}}, {"pk": 38, "model": "contenttypes.contenttype", "fields": {"model": "paqueteitem", "name": "paquete item", "app_label": "consumidos"}}, {"pk": 50, "model": "contenttypes.contenttype", "fields": {"model": "paqueteservicios", "name": "paquete servicios", "app_label": "servicios"}}, {"pk": 2, "model": "contenttypes.contenttype", "fields": {"model": "permission", "name": "permission", "app_label": "auth"}}, {"pk": 46, "model": "contenttypes.contenttype", "fields": {"model": "preciotratamiento", "name": "precio tratamiento", "app_label": "precios"}}, {"pk": 23, "model": "contenttypes.contenttype", "fields": {"model": "procedimiento", "name": "procedimiento", "app_label": "clinica"}}, {"pk": 32, "model": "contenttypes.contenttype", "fields": {"model": "producto", "name": "producto", "app_label": "inventario"}}, {"pk": 44, "model": "contenttypes.contenttype", "fields": {"model": "productoconsumido", "name": "producto consumido", "app_label": "consumidos"}}, {"pk": 26, "model": "contenttypes.contenttype", "fields": {"model": "radiografia", "name": "radiografia", "app_label": "clinica"}}, {"pk": 52, "model": "contenttypes.contenttype", "fields": {"model": "servicio", "name": "servicio", "app_label": "servicios"}}, {"pk": 6, "model": "contenttypes.contenttype", "fields": {"model": "session", "name": "session", "app_label": "sessions"}}, {"pk": 7, "model": "contenttypes.contenttype", "fields": {"model": "site", "name": "site", "app_label": "sites"}}, {"pk": 53, "model": "contenttypes.contenttype", "fields": {"model": "source", "name": "source", "app_label": "easy_thumbnails"}}, {"pk": 54, "model": "contenttypes.contenttype", "fields": {"model": "thumbnail", "name": "thumbnail", "app_label": "easy_thumbnails"}}, {"pk": 55, "model": "contenttypes.contenttype", "fields": {"model": "thumbnaildimensions", "name": "thumbnail dimensions", "app_label": "easy_thumbnails"}}, {"pk": 20, "model": "contenttypes.contenttype", "fields": {"model": "tratamiento", "name": "tratamiento", "app_label": "altas"}}, {"pk": 18, "model": "contenttypes.contenttype", "fields": {"model": "tratamientopreventivo", "name": "tratamiento preventivo", "app_label": "altas"}}, {"pk": 30, "model": "contenttypes.contenttype", "fields": {"model": "unidadmedida", "name": "unidad medida", "app_label": "inventario"}}, {"pk": 4, "model": "contenttypes.contenttype", "fields": {"model": "user", "name": "user", "app_label": "auth"}}, {"pk": "5147c49307483969a4e835c73ddad88e", "model": "sessions.session", "fields": {"expire_date": "2015-07-14T21:20:16Z", "session_data": "YTFiZjYwN2I1MjY0YjEwNzZiNTU2YTA0NzZiYzZlM2I1MGNmMDI2MDqAAn1xAShVEl9hdXRoX3Vz\nZXJfYmFja2VuZHECVSlkamFuZ28uY29udHJpYi5hdXRoLmJhY2tlbmRzLk1vZGVsQmFja2VuZHED\nVQ1fYXV0aF91c2VyX2lkcQSKAQF1Lg==\n"}}, {"pk": "9a59b34d4330100a2d644a3edcf48232", "model": "sessions.session", "fields": {"expire_date": "2015-07-15T22:30:34Z", "session_data": "YTFiZjYwN2I1MjY0YjEwNzZiNTU2YTA0NzZiYzZlM2I1MGNmMDI2MDqAAn1xAShVEl9hdXRoX3Vz\nZXJfYmFja2VuZHECVSlkamFuZ28uY29udHJpYi5hdXRoLmJhY2tlbmRzLk1vZGVsQmFja2VuZHED\nVQ1fYXV0aF91c2VyX2lkcQSKAQF1Lg==\n"}}, {"pk": "ffc27402338b69a7d5f5377b9b4875f8", "model": "sessions.session", "fields": {"expire_date": "2015-07-13T23:03:45Z", "session_data": "YTFiZjYwN2I1MjY0YjEwNzZiNTU2YTA0NzZiYzZlM2I1MGNmMDI2MDqAAn1xAShVEl9hdXRoX3Vz\nZXJfYmFja2VuZHECVSlkamFuZ28uY29udHJpYi5hdXRoLmJhY2tlbmRzLk1vZGVsQmFja2VuZHED\nVQ1fYXV0aF91c2VyX2lkcQSKAQF1Lg==\n"}}, {"pk": 1, "model": "sites.site", "fields": {"domain": "example.com", "name": "example.com"}}, {"pk": 1, "model": "easy_thumbnails.source", "fields": {"name": "radiografia/meh_4BYGCvn.gif", "storage_hash": "f9bde26a1556cd667f742bd34ec7c55e", "modified": "2015-06-30T15:42:36Z"}}, {"pk": 2, "model": "easy_thumbnails.source", "fields": {"name": "radiografia/tina-fey-1.gif", "storage_hash": "f9bde26a1556cd667f742bd34ec7c55e", "modified": "2015-06-30T16:03:22Z"}}, {"pk": 3, "model": "easy_thumbnails.source", "fields": {"name": "radiografia/giphy.gif", "storage_hash": "f9bde26a1556cd667f742bd34ec7c55e", "modified": "2015-06-30T16:09:26Z"}}, {"pk": 4, "model": "easy_thumbnails.source", "fields": {"name": "radiografia/pp-1429131019.gif", "storage_hash": "f9bde26a1556cd667f742bd34ec7c55e", "modified": "2015-06-30T16:09:47Z"}}, {"pk": 5, "model": "easy_thumbnails.source", "fields": {"name": "radiografia/Anna-Kendrick-1200-1026x684.jpg", "storage_hash": "f9bde26a1556cd667f742bd34ec7c55e", "modified": "2015-06-30T16:10:08Z"}}, {"pk": 6, "model": "easy_thumbnails.source", "fields": {"name": "radiografia/3029211-inline-i-4-most-creative-people-2014-anna-kendrick.jpg", "storage_hash": "f9bde26a1556cd667f742bd34ec7c55e", "modified": "2015-06-30T16:10:28Z"}}, {"pk": 7, "model": "easy_thumbnails.source", "fields": {"name": "radiografia/anna-kendrick-pitch-perfect-650-430.jpg", "storage_hash": "f9bde26a1556cd667f742bd34ec7c55e", "modified": "2015-06-30T16:10:56Z"}}, {"pk": 8, "model": "easy_thumbnails.source", "fields": {"name": "radiografia/Anna-Kendrick-lips.jpg", "storage_hash": "f9bde26a1556cd667f742bd34ec7c55e", "modified": "2015-06-30T16:36:19Z"}}, {"pk": 1, "model": "easy_thumbnails.thumbnail", "fields": {"source": 1, "name": "radiografia/meh_4BYGCvn.gif.300x300_q85_crop.png", "storage_hash": "d26becbf46ac48eda79c7a39a13a02dd", "modified": "2015-06-30T15:42:36Z"}}, {"pk": 2, "model": "easy_thumbnails.thumbnail", "fields": {"source": 2, "name": "radiografia/tina-fey-1.gif.300x300_q85_crop.png", "storage_hash": "d26becbf46ac48eda79c7a39a13a02dd", "modified": "2015-06-30T16:03:23Z"}}, {"pk": 3, "model": "easy_thumbnails.thumbnail", "fields": {"source": 3, "name": "radiografia/giphy.gif.300x300_q85_crop.jpg", "storage_hash": "d26becbf46ac48eda79c7a39a13a02dd", "modified": "2015-06-30T16:09:27Z"}}, {"pk": 4, "model": "easy_thumbnails.thumbnail", "fields": {"source": 4, "name": "radiografia/pp-1429131019.gif.300x300_q85_crop.png", "storage_hash": "d26becbf46ac48eda79c7a39a13a02dd", "modified": "2015-06-30T16:09:47Z"}}, {"pk": 5, "model": "easy_thumbnails.thumbnail", "fields": {"source": 5, "name": "radiografia/Anna-Kendrick-1200-1026x684.jpg.300x300_q85_crop.jpg", "storage_hash": "d26becbf46ac48eda79c7a39a13a02dd", "modified": "2015-06-30T16:10:08Z"}}, {"pk": 6, "model": "easy_thumbnails.thumbnail", "fields": {"source": 6, "name": "radiografia/3029211-inline-i-4-most-creative-people-2014-anna-kendrick.jpg.300x300_q85_crop.jpg", "storage_hash": "d26becbf46ac48eda79c7a39a13a02dd", "modified": "2015-06-30T16:10:28Z"}}, {"pk": 7, "model": "easy_thumbnails.thumbnail", "fields": {"source": 7, "name": "radiografia/anna-kendrick-pitch-perfect-650-430.jpg.300x300_q85_crop.jpg", "storage_hash": "d26becbf46ac48eda79c7a39a13a02dd", "modified": "2015-06-30T16:10:56Z"}}, {"pk": 8, "model": "easy_thumbnails.thumbnail", "fields": {"source": 8, "name": "radiografia/Anna-Kendrick-lips.jpg.300x300_q85_crop.jpg", "storage_hash": "d26becbf46ac48eda79c7a39a13a02dd", "modified": "2015-06-30T16:36:19Z"}}, {"pk": 1, "model": "south.migrationhistory", "fields": {"applied": "2015-06-30T15:41:41Z", "app_name": "easy_thumbnails", "migration": "0001_initial"}}, {"pk": 2, "model": "south.migrationhistory", "fields": {"applied": "2015-06-30T15:41:42Z", "app_name": "easy_thumbnails", "migration": "0002_filename_indexes"}}, {"pk": 3, "model": "south.migrationhistory", "fields": {"applied": "2015-06-30T15:41:42Z", "app_name": "easy_thumbnails", "migration": "0003_auto__add_storagenew"}}, {"pk": 4, "model": "south.migrationhistory", "fields": {"applied": "2015-06-30T15:41:44Z", "app_name": "easy_thumbnails", "migration": "0004_auto__add_field_source_storage_new__add_field_thumbnail_storage_new"}}, {"pk": 5, "model": "south.migrationhistory", "fields": {"applied": "2015-06-30T15:41:47Z", "app_name": "easy_thumbnails", "migration": "0005_storage_fks_null"}}, {"pk": 6, "model": "south.migrationhistory", "fields": {"applied": "2015-06-30T15:41:47Z", "app_name": "easy_thumbnails", "migration": "0006_copy_storage"}}, {"pk": 7, "model": "south.migrationhistory", "fields": {"applied": "2015-06-30T15:41:50Z", "app_name": "easy_thumbnails", "migration": "0007_storagenew_fks_not_null"}}, {"pk": 8, "model": "south.migrationhistory", "fields": {"applied": "2015-06-30T15:41:51Z", "app_name": "easy_thumbnails", "migration": "0008_auto__del_field_source_storage__del_field_thumbnail_storage"}}, {"pk": 9, "model": "south.migrationhistory", "fields": {"applied": "2015-06-30T15:41:51Z", "app_name": "easy_thumbnails", "migration": "0009_auto__del_storage"}}, {"pk": 10, "model": "south.migrationhistory", "fields": {"applied": "2015-06-30T15:41:53Z", "app_name": "easy_thumbnails", "migration": "0010_rename_storage"}}, {"pk": 11, "model": "south.migrationhistory", "fields": {"applied": "2015-06-30T15:41:54Z", "app_name": "easy_thumbnails", "migration": "0011_auto__add_field_source_storage_hash__add_field_thumbnail_storage_hash"}}, {"pk": 12, "model": "south.migrationhistory", "fields": {"applied": "2015-06-30T15:41:54Z", "app_name": "easy_thumbnails", "migration": "0012_build_storage_hashes"}}, {"pk": 13, "model": "south.migrationhistory", "fields": {"applied": "2015-06-30T15:41:56Z", "app_name": "easy_thumbnails", "migration": "0013_auto__del_storage__del_field_source_storage__del_field_thumbnail_stora"}}, {"pk": 14, "model": "south.migrationhistory", "fields": {"applied": "2015-06-30T15:41:56Z", "app_name": "easy_thumbnails", "migration": "0014_auto__add_unique_source_name_storage_hash__add_unique_thumbnail_name_s"}}, {"pk": 15, "model": "south.migrationhistory", "fields": {"applied": "2015-06-30T15:41:56Z", "app_name": "easy_thumbnails", "migration": "0015_auto__del_unique_thumbnail_name_storage_hash__add_unique_thumbnail_sou"}}, {"pk": 16, "model": "south.migrationhistory", "fields": {"applied": "2015-06-30T15:41:57Z", "app_name": "easy_thumbnails", "migration": "0016_auto__add_thumbnaildimensions"}}, {"pk": 1, "model": "altas.grupo", "fields": {"nombre": "Amigos Mediexcel", "numero": "SDF1265487"}}, {"pk": 2, "model": "altas.grupo", "fields": {"nombre": "Mediexcel", "numero": "ASDSF16516"}}, {"pk": 3, "model": "altas.grupo", "fields": {"nombre": "Bancomer", "numero": "FSE536977"}}, {"pk": 4, "model": "altas.grupo", "fields": {"nombre": "Bacon", "numero": "sfsldf6465"}}, {"pk": 1, "model": "altas.paciente", "fields": {"apellidoMaterno": "Ezquivel", "imagen": "pacientes/Paola.png", "telefono": "9287832212", "nSs": "5621546878", "ciudad": "San Diego", "sexo": "f", "apellidoPaterno": "Perez", "credencialPaciente": "001", "codigoPostal": 92154, "nombre": "Paola", "grupo": 1, "direccion": "3534 W 14th St", "estado": "ca", "correoElectronico": "dperez@correo.com"}}, {"pk": 2, "model": "altas.paciente", "fields": {"apellidoMaterno": "Garcia", "imagen": "pacientes/Andy.jpg", "telefono": "6192183372", "nSs": "601236914", "ciudad": "Chula Vista", "sexo": "f", "apellidoPaterno": "Perez", "credencialPaciente": "001", "codigoPostal": 85346, "nombre": "Andy", "grupo": 2, "direccion": "4593 W Willow Street", "estado": "ca", "correoElectronico": "dperez@correo.com"}}, {"pk": 1, "model": "altas.evaluacion", "fields": {"nombre": "Oral Evaluations", "codigo": "D1110"}}, {"pk": 1, "model": "altas.tratamientopreventivo", "fields": {"nombre": "Pulp Vitality Test", "codigo": "D1110"}}, {"pk": 1, "model": "altas.tratamiento", "fields": {"nombre": "Amalgam", "codigo": "D1110"}}, {"pk": 2, "model": "altas.tratamiento", "fields": {"nombre": "Periapicals", "codigo": "D0120"}}, {"pk": 3, "model": "altas.tratamiento", "fields": {"nombre": "Prophy - Adult", "codigo": "D0460"}}, {"pk": 4, "model": "altas.tratamiento", "fields": {"nombre": "meh Meh", "codigo": "B38474"}}, {"pk": 1, "model": "clinica.odontograma", "fields": {"medico": 1, "paciente": 1, "notas": "Blah", "created_at": "2015-06-25T18:41:06Z", "updated_at": "2015-06-25T18:41:06Z", "evaluacion": 1, "tratamiento_preventivo": 1}}, {"pk": 2, "model": "clinica.odontograma", "fields": {"medico": 1, "paciente": 1, "notas": "dasfdsafd", "created_at": "2015-06-25T18:42:19Z", "updated_at": "2015-06-25T18:42:19Z", "evaluacion": 1, "tratamiento_preventivo": 1}}, {"pk": 3, "model": "clinica.odontograma", "fields": {"medico": 1, "paciente": 1, "notas": "dasfdsafd", "created_at": "2015-06-25T18:56:19Z", "updated_at": "2015-06-25T18:56:19Z", "evaluacion": 1, "tratamiento_preventivo": 1}}, {"pk": 4, "model": "clinica.odontograma", "fields": {"medico": 1, "paciente": 1, "notas": "dasfdsafd", "created_at": "2015-06-25T19:00:30Z", "updated_at": "2015-06-25T19:00:30Z", "evaluacion": 1, "tratamiento_preventivo": 1}}, {"pk": 5, "model": "clinica.odontograma", "fields": {"medico": 1, "paciente": 1, "notas": "dasfdsafd", "created_at": "2015-06-25T19:01:17Z", "updated_at": "2015-06-25T19:01:17Z", "evaluacion": 1, "tratamiento_preventivo": 1}}, {"pk": 6, "model": "clinica.odontograma", "fields": {"medico": 1, "paciente": 1, "notas": "sadsadsa", "created_at": "2015-06-25T19:08:36Z", "updated_at": "2015-06-25T19:08:36Z", "evaluacion": 1, "tratamiento_preventivo": 1}}, {"pk": 7, "model": "clinica.odontograma", "fields": {"medico": 1, "paciente": 1, "notas": "asdsadsa", "created_at": "2015-06-25T19:09:23Z", "updated_at": "2015-06-25T19:09:23Z", "evaluacion": 1, "tratamiento_preventivo": 1}}, {"pk": 8, "model": "clinica.odontograma", "fields": {"medico": 1, "paciente": 1, "notas": "Lorem ipsum dolor sit amet", "created_at": "2015-07-02T19:48:26Z", "updated_at": "2015-07-02T19:48:26Z", "evaluacion": 1, "tratamiento_preventivo": null}}, {"pk": 1, "model": "clinica.procedimiento", "fields": {"status": "recomendado", "notas": "", "diagnostico": "sadsa", "pieza": 13, "odontograma": 2, "cara": "C", "tratamiento": 1}}, {"pk": 2, "model": "clinica.procedimiento", "fields": {"status": "recomendado", "notas": "", "diagnostico": "sadsa", "pieza": 13, "odontograma": 3, "cara": "C", "tratamiento": 1}}, {"pk": 3, "model": "clinica.procedimiento", "fields": {"status": "recomendado", "notas": "", "diagnostico": "sadsa", "pieza": 13, "odontograma": 4, "cara": "C", "tratamiento": 1}}, {"pk": 4, "model": "clinica.procedimiento", "fields": {"status": "recomendado", "notas": "", "diagnostico": "sadsa", "pieza": 13, "odontograma": 5, "cara": "C", "tratamiento": 1}}, {"pk": 5, "model": "clinica.procedimiento", "fields": {"status": "recomendado", "notas": "", "diagnostico": "asdas", "pieza": 14, "odontograma": 6, "cara": "C", "tratamiento": 1}}, {"pk": 6, "model": "clinica.procedimiento", "fields": {"status": "recomendado", "notas": "", "diagnostico": "asdsa", "pieza": 14, "odontograma": 7, "cara": "I", "tratamiento": 1}}, {"pk": 7, "model": "clinica.procedimiento", "fields": {"status": "recomendado", "notas": "", "diagnostico": "Meh", "pieza": 14, "odontograma": 8, "cara": "X", "tratamiento": 1}}, {"pk": 8, "model": "clinica.procedimiento", "fields": {"status": "recomendado", "notas": "", "diagnostico": "Mah", "pieza": 22, "odontograma": 8, "cara": "C", "tratamiento": 3}}, {"pk": 9, "model": "clinica.procedimiento", "fields": {"status": "recomendado", "notas": "", "diagnostico": "Much", "pieza": 34, "odontograma": 8, "cara": "I", "tratamiento": 2}}, {"pk": 1, "model": "clinica.radiografia", "fields": {"description": "Bacon ipsum dolor sit amet.", "title": "Mhahh.", "created_at": "2015-06-30T15:42:35Z", "updated_at": "2015-06-30T15:42:35Z", "image": "radiografia/meh_4BYGCvn.gif", "paciente": 1}}, {"pk": 2, "model": "clinica.radiografia", "fields": {"description": "Bacon ipsum dolor sit amet. Pork chops.", "title": "Meh.", "created_at": "2015-06-30T16:03:21Z", "updated_at": "2015-06-30T16:03:21Z", "image": "radiografia/tina-fey-1.gif", "paciente": 1}}, {"pk": 3, "model": "clinica.radiografia", "fields": {"description": "Lorem ipsum dolor sit amet...", "title": "!!!", "created_at": "2015-06-30T16:09:26Z", "updated_at": "2015-06-30T16:09:26Z", "image": "radiografia/giphy.gif", "paciente": 1}}, {"pk": 4, "model": "clinica.radiografia", "fields": {"description": "Lorem ipsum dolor sit amet!", "title": ":3", "created_at": "2015-06-30T16:09:47Z", "updated_at": "2015-06-30T16:09:47Z", "image": "radiografia/pp-1429131019.gif", "paciente": 1}}, {"pk": 5, "model": "clinica.radiografia", "fields": {"description": "Lorem ipsum dolor sit amet\r\n", "title": "Annie", "created_at": "2015-06-30T16:10:07Z", "updated_at": "2015-06-30T16:10:07Z", "image": "radiografia/Anna-Kendrick-1200-1026x684.jpg", "paciente": 1}}, {"pk": 6, "model": "clinica.radiografia", "fields": {"description": "Lorem ipsum dolor sit amet\r\n", "title": ":O", "created_at": "2015-06-30T16:10:28Z", "updated_at": "2015-06-30T16:10:28Z", "image": "radiografia/3029211-inline-i-4-most-creative-people-2014-anna-kendrick.jpg", "paciente": 1}}, {"pk": 7, "model": "clinica.radiografia", "fields": {"description": " Bacon ipsum pork chop sit amet", "title": "<3", "created_at": "2015-06-30T16:10:56Z", "updated_at": "2015-06-30T16:10:56Z", "image": "radiografia/anna-kendrick-pitch-perfect-650-430.jpg", "paciente": 1}}, {"pk": 8, "model": "clinica.radiografia", "fields": {"description": "Lorem ipsum bacon dolor sit pork chops amet.", "title": "Anna", "created_at": "2015-06-30T16:36:18Z", "updated_at": "2015-06-30T16:36:18Z", "image": "radiografia/Anna-Kendrick-lips.jpg", "paciente": 1}}, {"pk": 1, "model": "cotizacion.cotizacion", "fields": {"created_at": "2015-07-02T19:13:51Z", "updated_at": "2015-07-02T19:13:51Z", "odontograma": 1}}, {"pk": 2, "model": "cotizacion.cotizacion", "fields": {"created_at": "2015-07-02T19:14:00Z", "updated_at": "2015-07-02T19:14:00Z", "odontograma": 2}}, {"pk": 3, "model": "cotizacion.cotizacion", "fields": {"created_at": "2015-07-02T19:14:11Z", "updated_at": "2015-07-02T19:14:11Z", "odontograma": 3}}, {"pk": 4, "model": "cotizacion.cotizacion", "fields": {"created_at": "2015-07-02T19:14:15Z", "updated_at": "2015-07-02T19:14:15Z", "odontograma": 4}}, {"pk": 5, "model": "cotizacion.cotizacion", "fields": {"created_at": "2015-07-02T19:14:18Z", "updated_at": "2015-07-02T19:14:18Z", "odontograma": 5}}, {"pk": 6, "model": "cotizacion.cotizacion", "fields": {"created_at": "2015-07-02T19:14:22Z", "updated_at": "2015-07-02T19:14:22Z", "odontograma": 6}}, {"pk": 7, "model": "cotizacion.cotizacion", "fields": {"created_at": "2015-07-02T19:14:25Z", "updated_at": "2015-07-02T19:14:25Z", "odontograma": 7}}, {"pk": 8, "model": "cotizacion.cotizacion", "fields": {"created_at": "2015-07-02T19:48:27Z", "updated_at": "2015-07-02T19:48:27Z", "odontograma": 8}}, {"pk": 1, "model": "cotizacion.cotizacionitem", "fields": {"status": "pendiente", "cotizacion": 2, "created_at": "2015-07-02T19:14:00Z", "precio": "5.00", "updated_at": "2015-07-02T19:14:00Z", "procedimiento": 1}}, {"pk": 2, "model": "cotizacion.cotizacionitem", "fields": {"status": "pendiente", "cotizacion": 3, "created_at": "2015-07-02T19:14:11Z", "precio": "5.00", "updated_at": "2015-07-02T19:14:11Z", "procedimiento": 2}}, {"pk": 3, "model": "cotizacion.cotizacionitem", "fields": {"status": "pendiente", "cotizacion": 4, "created_at": "2015-07-02T19:14:15Z", "precio": "5.00", "updated_at": "2015-07-02T19:14:15Z", "procedimiento": 3}}, {"pk": 4, "model": "cotizacion.cotizacionitem", "fields": {"status": "pendiente", "cotizacion": 5, "created_at": "2015-07-02T19:14:18Z", "precio": "5.00", "updated_at": "2015-07-02T19:14:18Z", "procedimiento": 4}}, {"pk": 5, "model": "cotizacion.cotizacionitem", "fields": {"status": "pendiente", "cotizacion": 6, "created_at": "2015-07-02T19:14:22Z", "precio": "5.00", "updated_at": "2015-07-02T19:14:22Z", "procedimiento": 5}}, {"pk": 6, "model": "cotizacion.cotizacionitem", "fields": {"status": "pendiente", "cotizacion": 7, "created_at": "2015-07-02T19:14:25Z", "precio": "5.00", "updated_at": "2015-07-02T19:14:25Z", "procedimiento": 6}}, {"pk": 7, "model": "cotizacion.cotizacionitem", "fields": {"status": "pendiente", "cotizacion": 8, "created_at": "2015-07-02T19:48:27Z", "precio": "5.00", "updated_at": "2015-07-02T19:48:27Z", "procedimiento": 7}}, {"pk": 8, "model": "cotizacion.cotizacionitem", "fields": {"status": "pendiente", "cotizacion": 8, "created_at": "2015-07-02T19:48:27Z", "precio": "10.00", "updated_at": "2015-07-02T19:48:27Z", "procedimiento": 8}}, {"pk": 9, "model": "cotizacion.cotizacionitem", "fields": {"status": "pendiente", "cotizacion": 8, "created_at": "2015-07-02T19:48:27Z", "precio": "5.00", "updated_at": "2015-07-02T19:48:27Z", "procedimiento": 9}}, {"pk": 1, "model": "inventario.unidadmedida", "fields": {"prefix": "ml", "unidad": "Mililitro"}}, {"pk": 2, "model": "inventario.unidadmedida", "fields": {"prefix": "pil", "unidad": "Pildora"}}, {"pk": 3, "model": "inventario.unidadmedida", "fields": {"prefix": "gr", "unidad": "Gramo"}}, {"pk": 4, "model": "inventario.unidadmedida", "fields": {"prefix": "pz", "unidad": "Pieza"}}, {"pk": 1, "model": "inventario.producto", "fields": {"is_inactive": false, "porciones": 20, "created_at": "2015-05-12T18:10:37Z", "updated_at": "2015-06-07T00:34:48Z", "unidad_medida": 1, "descripcion": "Lorem ipsum", "nombre": "Bacon", "precio_porcion": "55.00"}}, {"pk": 2, "model": "inventario.producto", "fields": {"is_inactive": false, "porciones": 77, "created_at": "2015-05-13T17:30:55Z", "updated_at": "2015-06-07T00:34:48Z", "unidad_medida": 4, "descripcion": "Bacon ipsum dolor amet rump tri-tip frankfurter jerky. Boudin chuck turkey pork short ribs pastrami tail jowl bresaola jerky prosciutto salami capicola ham hock.", "nombre": "Bacon Plus", "precio_porcion": "1.00"}}, {"pk": 3, "model": "inventario.producto", "fields": {"is_inactive": false, "porciones": 23, "created_at": "2015-05-29T18:32:44Z", "updated_at": "2015-06-04T15:52:23Z", "unidad_medida": 2, "descripcion": "asdfasdfasdfasf ", "nombre": "Tocino", "precio_porcion": "50.00"}}, {"pk": 4, "model": "inventario.producto", "fields": {"is_inactive": false, "porciones": 11, "created_at": "2015-06-09T15:51:15Z", "updated_at": "2015-06-15T18:16:54Z", "unidad_medida": 2, "descripcion": "The cheesiest of the cheesieset.", "nombre": "Cheese Melt", "precio_porcion": "50.00"}}, {"pk": 5, "model": "inventario.producto", "fields": {"is_inactive": false, "porciones": 49, "created_at": "2015-06-15T16:29:43Z", "updated_at": "2015-06-15T18:16:55Z", "unidad_medida": 1, "descripcion": "Awesomeness.", "nombre": "Cuban Sandwich", "precio_porcion": "8.00"}}, {"pk": 6, "model": "inventario.producto", "fields": {"is_inactive": false, "porciones": 0, "created_at": "2015-06-15T16:30:18Z", "updated_at": "2015-06-15T16:30:18Z", "unidad_medida": 3, "descripcion": "The Classic.", "nombre": "Chicken Teriyaki", "precio_porcion": "50.00"}}, {"pk": 1, "model": "consumidos.paquete", "fields": {"descripcion": "Meh.", "nombre": "Bacon", "is_inactive": false}}, {"pk": 2, "model": "consumidos.paquete", "fields": {"descripcion": "Nomas Lorem ipsum esse", "nombre": "Bilingue", "is_inactive": false}}, {"pk": 3, "model": "consumidos.paquete", "fields": {"descripcion": "Because multiculturalism is awesome.", "nombre": "International", "is_inactive": false}}, {"pk": 1, "model": "consumidos.paqueteitem", "fields": {"producto": 1, "cantidad_producto": "1.00", "paquete": 1}}, {"pk": 2, "model": "consumidos.paqueteitem", "fields": {"producto": 2, "cantidad_producto": "1.00", "paquete": 1}}, {"pk": 3, "model": "consumidos.paqueteitem", "fields": {"producto": 1, "cantidad_producto": "1.00", "paquete": 2}}, {"pk": 4, "model": "consumidos.paqueteitem", "fields": {"producto": 3, "cantidad_producto": "1.00", "paquete": 2}}, {"pk": 5, "model": "consumidos.paqueteitem", "fields": {"producto": 5, "cantidad_producto": "1.00", "paquete": 3}}, {"pk": 6, "model": "consumidos.paqueteitem", "fields": {"producto": 6, "cantidad_producto": "1.00", "paquete": 3}}, {"pk": 1, "model": "precios.preciotratamiento", "fields": {"grupo": 1, "precio": "5.000", "tratamiento": 1}}, {"pk": 2, "model": "precios.preciotratamiento", "fields": {"grupo": 2, "precio": "5.000", "tratamiento": 1}}, {"pk": 3, "model": "precios.preciotratamiento", "fields": {"grupo": 1, "precio": "5.000", "tratamiento": 2}}, {"pk": 4, "model": "precios.preciotratamiento", "fields": {"grupo": 2, "precio": "5.000", "tratamiento": 2}}, {"pk": 5, "model": "precios.preciotratamiento", "fields": {"grupo": 1, "precio": "10.000", "tratamiento": 3}}, {"pk": 6, "model": "precios.preciotratamiento", "fields": {"grupo": 2, "precio": "10.000", "tratamiento": 3}}, {"pk": 7, "model": "precios.preciotratamiento", "fields": {"grupo": 3, "precio": "50.000", "tratamiento": 1}}, {"pk": 8, "model": "precios.preciotratamiento", "fields": {"grupo": 3, "precio": "50.000", "tratamiento": 2}}, {"pk": 9, "model": "precios.preciotratamiento", "fields": {"grupo": 3, "precio": "55.000", "tratamiento": 3}}, {"pk": 10, "model": "precios.preciotratamiento", "fields": {"grupo": 1, "precio": "5.000", "tratamiento": 4}}, {"pk": 11, "model": "precios.preciotratamiento", "fields": {"grupo": 2, "precio": "5.000", "tratamiento": 4}}, {"pk": 12, "model": "precios.preciotratamiento", "fields": {"grupo": 3, "precio": "5.000", "tratamiento": 4}}, {"pk": 13, "model": "precios.preciotratamiento", "fields": {"grupo": 4, "precio": "0.000", "tratamiento": 1}}, {"pk": 14, "model": "precios.preciotratamiento", "fields": {"grupo": 4, "precio": "0.000", "tratamiento": 2}}, {"pk": 15, "model": "precios.preciotratamiento", "fields": {"grupo": 4, "precio": "0.000", "tratamiento": 3}}, {"pk": 16, "model": "precios.preciotratamiento", "fields": {"grupo": 4, "precio": "0.000", "tratamiento": 4}}, {"pk": 1, "model": "auth.permission", "fields": {"codename": "add_logentry", "name": "Can add log entry", "content_type": 1}}, {"pk": 2, "model": "auth.permission", "fields": {"codename": "change_logentry", "name": "Can change log entry", "content_type": 1}}, {"pk": 3, "model": "auth.permission", "fields": {"codename": "delete_logentry", "name": "Can delete log entry", "content_type": 1}}, {"pk": 46, "model": "auth.permission", "fields": {"codename": "add_evaluacion", "name": "Can add evaluacion", "content_type": 16}}, {"pk": 47, "model": "auth.permission", "fields": {"codename": "change_evaluacion", "name": "Can change evaluacion", "content_type": 16}}, {"pk": 48, "model": "auth.permission", "fields": {"codename": "delete_evaluacion", "name": "Can delete evaluacion", "content_type": 16}}, {"pk": 28, "model": "auth.permission", "fields": {"codename": "add_grupo", "name": "Can add grupo", "content_type": 10}}, {"pk": 29, "model": "auth.permission", "fields": {"codename": "change_grupo", "name": "Can change grupo", "content_type": 10}}, {"pk": 30, "model": "auth.permission", "fields": {"codename": "delete_grupo", "name": "Can delete grupo", "content_type": 10}}, {"pk": 43, "model": "auth.permission", "fields": {"codename": "add_historicalevaluacion", "name": "Can add historical evaluacion", "content_type": 15}}, {"pk": 44, "model": "auth.permission", "fields": {"codename": "change_historicalevaluacion", "name": "Can change historical evaluacion", "content_type": 15}}, {"pk": 45, "model": "auth.permission", "fields": {"codename": "delete_historicalevaluacion", "name": "Can delete historical evaluacion", "content_type": 15}}, {"pk": 25, "model": "auth.permission", "fields": {"codename": "add_historicalgrupo", "name": "Can add historical grupo", "content_type": 9}}, {"pk": 26, "model": "auth.permission", "fields": {"codename": "change_historicalgrupo", "name": "Can change historical grupo", "content_type": 9}}, {"pk": 27, "model": "auth.permission", "fields": {"codename": "delete_historicalgrupo", "name": "Can delete historical grupo", "content_type": 9}}, {"pk": 31, "model": "auth.permission", "fields": {"codename": "add_historicalmedico", "name": "Can add historical medico", "content_type": 11}}, {"pk": 32, "model": "auth.permission", "fields": {"codename": "change_historicalmedico", "name": "Can change historical medico", "content_type": 11}}, {"pk": 33, "model": "auth.permission", "fields": {"codename": "delete_historicalmedico", "name": "Can delete historical medico", "content_type": 11}}, {"pk": 37, "model": "auth.permission", "fields": {"codename": "add_historicalpaciente", "name": "Can add historical paciente", "content_type": 13}}, {"pk": 38, "model": "auth.permission", "fields": {"codename": "change_historicalpaciente", "name": "Can change historical paciente", "content_type": 13}}, {"pk": 39, "model": "auth.permission", "fields": {"codename": "delete_historicalpaciente", "name": "Can delete historical paciente", "content_type": 13}}, {"pk": 55, "model": "auth.permission", "fields": {"codename": "add_historicaltratamiento", "name": "Can add historical tratamiento", "content_type": 19}}, {"pk": 56, "model": "auth.permission", "fields": {"codename": "change_historicaltratamiento", "name": "Can change historical tratamiento", "content_type": 19}}, {"pk": 57, "model": "auth.permission", "fields": {"codename": "delete_historicaltratamiento", "name": "Can delete historical tratamiento", "content_type": 19}}, {"pk": 49, "model": "auth.permission", "fields": {"codename": "add_historicaltratamientopreventivo", "name": "Can add historical tratamiento preventivo", "content_type": 17}}, {"pk": 50, "model": "auth.permission", "fields": {"codename": "change_historicaltratamientopreventivo", "name": "Can change historical tratamiento preventivo", "content_type": 17}}, {"pk": 51, "model": "auth.permission", "fields": {"codename": "delete_historicaltratamientopreventivo", "name": "Can delete historical tratamiento preventivo", "content_type": 17}}, {"pk": 34, "model": "auth.permission", "fields": {"codename": "add_medico", "name": "Can add medico", "content_type": 12}}, {"pk": 35, "model": "auth.permission", "fields": {"codename": "change_medico", "name": "Can change medico", "content_type": 12}}, {"pk": 36, "model": "auth.permission", "fields": {"codename": "delete_medico", "name": "Can delete medico", "content_type": 12}}, {"pk": 40, "model": "auth.permission", "fields": {"codename": "add_paciente", "name": "Can add paciente", "content_type": 14}}, {"pk": 41, "model": "auth.permission", "fields": {"codename": "change_paciente", "name": "Can change paciente", "content_type": 14}}, {"pk": 42, "model": "auth.permission", "fields": {"codename": "delete_paciente", "name": "Can delete paciente", "content_type": 14}}, {"pk": 58, "model": "auth.permission", "fields": {"codename": "add_tratamiento", "name": "Can add tratamiento", "content_type": 20}}, {"pk": 59, "model": "auth.permission", "fields": {"codename": "change_tratamiento", "name": "Can change tratamiento", "content_type": 20}}, {"pk": 60, "model": "auth.permission", "fields": {"codename": "delete_tratamiento", "name": "Can delete tratamiento", "content_type": 20}}, {"pk": 52, "model": "auth.permission", "fields": {"codename": "add_tratamientopreventivo", "name": "Can add tratamiento preventivo", "content_type": 18}}, {"pk": 53, "model": "auth.permission", "fields": {"codename": "change_tratamientopreventivo", "name": "Can change tratamiento preventivo", "content_type": 18}}, {"pk": 54, "model": "auth.permission", "fields": {"codename": "delete_tratamientopreventivo", "name": "Can delete tratamiento preventivo", "content_type": 18}}, {"pk": 7, "model": "auth.permission", "fields": {"codename": "add_group", "name": "Can add group", "content_type": 3}}, {"pk": 8, "model": "auth.permission", "fields": {"codename": "change_group", "name": "Can change group", "content_type": 3}}, {"pk": 9, "model": "auth.permission", "fields": {"codename": "delete_group", "name": "Can delete group", "content_type": 3}}, {"pk": 4, "model": "auth.permission", "fields": {"codename": "add_permission", "name": "Can add permission", "content_type": 2}}, {"pk": 5, "model": "auth.permission", "fields": {"codename": "change_permission", "name": "Can change permission", "content_type": 2}}, {"pk": 6, "model": "auth.permission", "fields": {"codename": "delete_permission", "name": "Can delete permission", "content_type": 2}}, {"pk": 10, "model": "auth.permission", "fields": {"codename": "add_user", "name": "Can add user", "content_type": 4}}, {"pk": 11, "model": "auth.permission", "fields": {"codename": "change_user", "name": "Can change user", "content_type": 4}}, {"pk": 12, "model": "auth.permission", "fields": {"codename": "delete_user", "name": "Can delete user", "content_type": 4}}, {"pk": 70, "model": "auth.permission", "fields": {"codename": "add_bitacora", "name": "Can add bitacora", "content_type": 24}}, {"pk": 71, "model": "auth.permission", "fields": {"codename": "change_bitacora", "name": "Can change bitacora", "content_type": 24}}, {"pk": 72, "model": "auth.permission", "fields": {"codename": "delete_bitacora", "name": "Can delete bitacora", "content_type": 24}}, {"pk": 73, "model": "auth.permission", "fields": {"codename": "add_historicalradiografia", "name": "Can add historical radiografia", "content_type": 25}}, {"pk": 74, "model": "auth.permission", "fields": {"codename": "change_historicalradiografia", "name": "Can change historical radiografia", "content_type": 25}}, {"pk": 75, "model": "auth.permission", "fields": {"codename": "delete_historicalradiografia", "name": "Can delete historical radiografia", "content_type": 25}}, {"pk": 61, "model": "auth.permission", "fields": {"codename": "add_interrogatorio", "name": "Can add interrogatorio", "content_type": 21}}, {"pk": 62, "model": "auth.permission", "fields": {"codename": "change_interrogatorio", "name": "Can change interrogatorio", "content_type": 21}}, {"pk": 63, "model": "auth.permission", "fields": {"codename": "delete_interrogatorio", "name": "Can delete interrogatorio", "content_type": 21}}, {"pk": 64, "model": "auth.permission", "fields": {"codename": "add_odontograma", "name": "Can add odontograma", "content_type": 22}}, {"pk": 65, "model": "auth.permission", "fields": {"codename": "change_odontograma", "name": "Can change odontograma", "content_type": 22}}, {"pk": 66, "model": "auth.permission", "fields": {"codename": "delete_odontograma", "name": "Can delete odontograma", "content_type": 22}}, {"pk": 67, "model": "auth.permission", "fields": {"codename": "add_procedimiento", "name": "Can add procedimiento", "content_type": 23}}, {"pk": 68, "model": "auth.permission", "fields": {"codename": "change_procedimiento", "name": "Can change procedimiento", "content_type": 23}}, {"pk": 69, "model": "auth.permission", "fields": {"codename": "delete_procedimiento", "name": "Can delete procedimiento", "content_type": 23}}, {"pk": 76, "model": "auth.permission", "fields": {"codename": "add_radiografia", "name": "Can add radiografia", "content_type": 26}}, {"pk": 77, "model": "auth.permission", "fields": {"codename": "change_radiografia", "name": "Can change radiografia", "content_type": 26}}, {"pk": 78, "model": "auth.permission", "fields": {"codename": "delete_radiografia", "name": "Can delete radiografia", "content_type": 26}}, {"pk": 109, "model": "auth.permission", "fields": {"codename": "add_cancelpaquete", "name": "Can add cancel paquete", "content_type": 37}}, {"pk": 110, "model": "auth.permission", "fields": {"codename": "change_cancelpaquete", "name": "Can change cancel paquete", "content_type": 37}}, {"pk": 111, "model": "auth.permission", "fields": {"codename": "delete_cancelpaquete", "name": "Can delete cancel paquete", "content_type": 37}}, {"pk": 121, "model": "auth.permission", "fields": {"codename": "add_cancelpaqueteconsumido", "name": "Can add cancel paquete consumido", "content_type": 41}}, {"pk": 122, "model": "auth.permission", "fields": {"codename": "change_cancelpaqueteconsumido", "name": "Can change cancel paquete consumido", "content_type": 41}}, {"pk": 123, "model": "auth.permission", "fields": {"codename": "delete_cancelpaqueteconsumido", "name": "Can delete cancel paquete consumido", "content_type": 41}}, {"pk": 115, "model": "auth.permission", "fields": {"codename": "add_historicalpaqueteconsumido", "name": "Can add historical paquete consumido", "content_type": 39}}, {"pk": 116, "model": "auth.permission", "fields": {"codename": "change_historicalpaqueteconsumido", "name": "Can change historical paquete consumido", "content_type": 39}}, {"pk": 117, "model": "auth.permission", "fields": {"codename": "delete_historicalpaqueteconsumido", "name": "Can delete historical paquete consumido", "content_type": 39}}, {"pk": 127, "model": "auth.permission", "fields": {"codename": "add_historicalproductoconsumido", "name": "Can add historical producto consumido", "content_type": 43}}, {"pk": 128, "model": "auth.permission", "fields": {"codename": "change_historicalproductoconsumido", "name": "Can change historical producto consumido", "content_type": 43}}, {"pk": 129, "model": "auth.permission", "fields": {"codename": "delete_historicalproductoconsumido", "name": "Can delete historical producto consumido", "content_type": 43}}, {"pk": 106, "model": "auth.permission", "fields": {"codename": "add_paquete", "name": "Can add paquete", "content_type": 36}}, {"pk": 107, "model": "auth.permission", "fields": {"codename": "change_paquete", "name": "Can change paquete", "content_type": 36}}, {"pk": 108, "model": "auth.permission", "fields": {"codename": "delete_paquete", "name": "Can delete paquete", "content_type": 36}}, {"pk": 118, "model": "auth.permission", "fields": {"codename": "add_paqueteconsumido", "name": "Can add paquete consumido", "content_type": 40}}, {"pk": 119, "model": "auth.permission", "fields": {"codename": "change_paqueteconsumido", "name": "Can change paquete consumido", "content_type": 40}}, {"pk": 120, "model": "auth.permission", "fields": {"codename": "delete_paqueteconsumido", "name": "Can delete paquete consumido", "content_type": 40}}, {"pk": 124, "model": "auth.permission", "fields": {"codename": "add_paqueteconsumidoitem", "name": "Can add paquete consumido item", "content_type": 42}}, {"pk": 125, "model": "auth.permission", "fields": {"codename": "change_paqueteconsumidoitem", "name": "Can change paquete consumido item", "content_type": 42}}, {"pk": 126, "model": "auth.permission", "fields": {"codename": "delete_paqueteconsumidoitem", "name": "Can delete paquete consumido item", "content_type": 42}}, {"pk": 112, "model": "auth.permission", "fields": {"codename": "add_paqueteitem", "name": "Can add paquete item", "content_type": 38}}, {"pk": 113, "model": "auth.permission", "fields": {"codename": "change_paqueteitem", "name": "Can change paquete item", "content_type": 38}}, {"pk": 114, "model": "auth.permission", "fields": {"codename": "delete_paqueteitem", "name": "Can delete paquete item", "content_type": 38}}, {"pk": 130, "model": "auth.permission", "fields": {"codename": "add_productoconsumido", "name": "Can add producto consumido", "content_type": 44}}, {"pk": 131, "model": "auth.permission", "fields": {"codename": "change_productoconsumido", "name": "Can change producto consumido", "content_type": 44}}, {"pk": 132, "model": "auth.permission", "fields": {"codename": "delete_productoconsumido", "name": "Can delete producto consumido", "content_type": 44}}, {"pk": 13, "model": "auth.permission", "fields": {"codename": "add_contenttype", "name": "Can add content type", "content_type": 5}}, {"pk": 14, "model": "auth.permission", "fields": {"codename": "change_contenttype", "name": "Can change content type", "content_type": 5}}, {"pk": 15, "model": "auth.permission", "fields": {"codename": "delete_contenttype", "name": "Can delete content type", "content_type": 5}}, {"pk": 79, "model": "auth.permission", "fields": {"codename": "add_cotizacion", "name": "Can add cotizacion", "content_type": 27}}, {"pk": 80, "model": "auth.permission", "fields": {"codename": "change_cotizacion", "name": "Can change cotizacion", "content_type": 27}}, {"pk": 81, "model": "auth.permission", "fields": {"codename": "delete_cotizacion", "name": "Can delete cotizacion", "content_type": 27}}, {"pk": 85, "model": "auth.permission", "fields": {"codename": "add_cotizacionitem", "name": "Can add cotizacion item", "content_type": 29}}, {"pk": 86, "model": "auth.permission", "fields": {"codename": "change_cotizacionitem", "name": "Can change cotizacion item", "content_type": 29}}, {"pk": 87, "model": "auth.permission", "fields": {"codename": "delete_cotizacionitem", "name": "Can delete cotizacion item", "content_type": 29}}, {"pk": 82, "model": "auth.permission", "fields": {"codename": "add_historicalcotizacionitem", "name": "Can add historical cotizacion item", "content_type": 28}}, {"pk": 83, "model": "auth.permission", "fields": {"codename": "change_historicalcotizacionitem", "name": "Can change historical cotizacion item", "content_type": 28}}, {"pk": 84, "model": "auth.permission", "fields": {"codename": "delete_historicalcotizacionitem", "name": "Can delete historical cotizacion item", "content_type": 28}}, {"pk": 157, "model": "auth.permission", "fields": {"codename": "add_source", "name": "Can add source", "content_type": 53}}, {"pk": 158, "model": "auth.permission", "fields": {"codename": "change_source", "name": "Can change source", "content_type": 53}}, {"pk": 159, "model": "auth.permission", "fields": {"codename": "delete_source", "name": "Can delete source", "content_type": 53}}, {"pk": 160, "model": "auth.permission", "fields": {"codename": "add_thumbnail", "name": "Can add thumbnail", "content_type": 54}}, {"pk": 161, "model": "auth.permission", "fields": {"codename": "change_thumbnail", "name": "Can change thumbnail", "content_type": 54}}, {"pk": 162, "model": "auth.permission", "fields": {"codename": "delete_thumbnail", "name": "Can delete thumbnail", "content_type": 54}}, {"pk": 163, "model": "auth.permission", "fields": {"codename": "add_thumbnaildimensions", "name": "Can add thumbnail dimensions", "content_type": 55}}, {"pk": 164, "model": "auth.permission", "fields": {"codename": "change_thumbnaildimensions", "name": "Can change thumbnail dimensions", "content_type": 55}}, {"pk": 165, "model": "auth.permission", "fields": {"codename": "delete_thumbnaildimensions", "name": "Can delete thumbnail dimensions", "content_type": 55}}, {"pk": 103, "model": "auth.permission", "fields": {"codename": "add_cancelentrada", "name": "Can add cancel entrada", "content_type": 35}}, {"pk": 104, "model": "auth.permission", "fields": {"codename": "change_cancelentrada", "name": "Can change cancel entrada", "content_type": 35}}, {"pk": 105, "model": "auth.permission", "fields": {"codename": "delete_cancelentrada", "name": "Can delete cancel entrada", "content_type": 35}}, {"pk": 97, "model": "auth.permission", "fields": {"codename": "add_cancelproducto", "name": "Can add cancel producto", "content_type": 33}}, {"pk": 98, "model": "auth.permission", "fields": {"codename": "change_cancelproducto", "name": "Can change cancel producto", "content_type": 33}}, {"pk": 99, "model": "auth.permission", "fields": {"codename": "delete_cancelproducto", "name": "Can delete cancel producto", "content_type": 33}}, {"pk": 100, "model": "auth.permission", "fields": {"codename": "add_entrada", "name": "Can add entrada", "content_type": 34}}, {"pk": 101, "model": "auth.permission", "fields": {"codename": "change_entrada", "name": "Can change entrada", "content_type": 34}}, {"pk": 102, "model": "auth.permission", "fields": {"codename": "delete_entrada", "name": "Can delete entrada", "content_type": 34}}, {"pk": 91, "model": "auth.permission", "fields": {"codename": "add_historicalproducto", "name": "Can add historical producto", "content_type": 31}}, {"pk": 92, "model": "auth.permission", "fields": {"codename": "change_historicalproducto", "name": "Can change historical producto", "content_type": 31}}, {"pk": 93, "model": "auth.permission", "fields": {"codename": "delete_historicalproducto", "name": "Can delete historical producto", "content_type": 31}}, {"pk": 94, "model": "auth.permission", "fields": {"codename": "add_producto", "name": "Can add producto", "content_type": 32}}, {"pk": 95, "model": "auth.permission", "fields": {"codename": "change_producto", "name": "Can change producto", "content_type": 32}}, {"pk": 96, "model": "auth.permission", "fields": {"codename": "delete_producto", "name": "Can delete producto", "content_type": 32}}, {"pk": 88, "model": "auth.permission", "fields": {"codename": "add_unidadmedida", "name": "Can add unidad medida", "content_type": 30}}, {"pk": 89, "model": "auth.permission", "fields": {"codename": "change_unidadmedida", "name": "Can change unidad medida", "content_type": 30}}, {"pk": 90, "model": "auth.permission", "fields": {"codename": "delete_unidadmedida", "name": "Can delete unidad medida", "content_type": 30}}, {"pk": 139, "model": "auth.permission", "fields": {"codename": "add_historicalpago", "name": "Can add historical pago", "content_type": 47}}, {"pk": 140, "model": "auth.permission", "fields": {"codename": "change_historicalpago", "name": "Can change historical pago", "content_type": 47}}, {"pk": 141, "model": "auth.permission", "fields": {"codename": "delete_historicalpago", "name": "Can delete historical pago", "content_type": 47}}, {"pk": 142, "model": "auth.permission", "fields": {"codename": "add_pago", "name": "Can add pago", "content_type": 48}}, {"pk": 143, "model": "auth.permission", "fields": {"codename": "change_pago", "name": "Can change pago", "content_type": 48}}, {"pk": 144, "model": "auth.permission", "fields": {"codename": "delete_pago", "name": "Can delete pago", "content_type": 48}}, {"pk": 145, "model": "auth.permission", "fields": {"codename": "add_pagoaplicado", "name": "Can add pago aplicado", "content_type": 49}}, {"pk": 146, "model": "auth.permission", "fields": {"codename": "change_pagoaplicado", "name": "Can change pago aplicado", "content_type": 49}}, {"pk": 147, "model": "auth.permission", "fields": {"codename": "delete_pagoaplicado", "name": "Can delete pago aplicado", "content_type": 49}}, {"pk": 133, "model": "auth.permission", "fields": {"codename": "add_historicalpreciotratamiento", "name": "Can add historical precio tratamiento", "content_type": 45}}, {"pk": 134, "model": "auth.permission", "fields": {"codename": "change_historicalpreciotratamiento", "name": "Can change historical precio tratamiento", "content_type": 45}}, {"pk": 135, "model": "auth.permission", "fields": {"codename": "delete_historicalpreciotratamiento", "name": "Can delete historical precio tratamiento", "content_type": 45}}, {"pk": 136, "model": "auth.permission", "fields": {"codename": "add_preciotratamiento", "name": "Can add precio tratamiento", "content_type": 46}}, {"pk": 137, "model": "auth.permission", "fields": {"codename": "change_preciotratamiento", "name": "Can change precio tratamiento", "content_type": 46}}, {"pk": 138, "model": "auth.permission", "fields": {"codename": "delete_preciotratamiento", "name": "Can delete precio tratamiento", "content_type": 46}}, {"pk": 151, "model": "auth.permission", "fields": {"codename": "add_historicalservicio", "name": "Can add historical servicio", "content_type": 51}}, {"pk": 152, "model": "auth.permission", "fields": {"codename": "change_historicalservicio", "name": "Can change historical servicio", "content_type": 51}}, {"pk": 153, "model": "auth.permission", "fields": {"codename": "delete_historicalservicio", "name": "Can delete historical servicio", "content_type": 51}}, {"pk": 148, "model": "auth.permission", "fields": {"codename": "add_paqueteservicios", "name": "Can add paquete servicios", "content_type": 50}}, {"pk": 149, "model": "auth.permission", "fields": {"codename": "change_paqueteservicios", "name": "Can change paquete servicios", "content_type": 50}}, {"pk": 150, "model": "auth.permission", "fields": {"codename": "delete_paqueteservicios", "name": "Can delete paquete servicios", "content_type": 50}}, {"pk": 154, "model": "auth.permission", "fields": {"codename": "add_servicio", "name": "Can add servicio", "content_type": 52}}, {"pk": 155, "model": "auth.permission", "fields": {"codename": "change_servicio", "name": "Can change servicio", "content_type": 52}}, {"pk": 156, "model": "auth.permission", "fields": {"codename": "delete_servicio", "name": "Can delete servicio", "content_type": 52}}, {"pk": 16, "model": "auth.permission", "fields": {"codename": "add_session", "name": "Can add session", "content_type": 6}}, {"pk": 17, "model": "auth.permission", "fields": {"codename": "change_session", "name": "Can change session", "content_type": 6}}, {"pk": 18, "model": "auth.permission", "fields": {"codename": "delete_session", "name": "Can delete session", "content_type": 6}}, {"pk": 19, "model": "auth.permission", "fields": {"codename": "add_site", "name": "Can add site", "content_type": 7}}, {"pk": 20, "model": "auth.permission", "fields": {"codename": "change_site", "name": "Can change site", "content_type": 7}}, {"pk": 21, "model": "auth.permission", "fields": {"codename": "delete_site", "name": "Can delete site", "content_type": 7}}, {"pk": 22, "model": "auth.permission", "fields": {"codename": "add_migrationhistory", "name": "Can add migration history", "content_type": 8}}, {"pk": 23, "model": "auth.permission", "fields": {"codename": "change_migrationhistory", "name": "Can change migration history", "content_type": 8}}, {"pk": 24, "model": "auth.permission", "fields": {"codename": "delete_migrationhistory", "name": "Can delete migration history", "content_type": 8}}, {"pk": 1, "model": "auth.user", "fields": {"username": "andyosuna", "first_name": "Andrea", "last_name": "Gonzalez", "is_active": true, "is_superuser": true, "is_staff": true, "last_login": "2015-07-01T22:30:34Z", "groups": [], "user_permissions": [], "password": "pbkdf2_sha256$10000$QuMyIQozDmlX$Vq4T+2+QLrtusk1t5DG8tPNFoUmVglMNmONyxcEgtDI=", "email": "andyosuna@gmail.com", "date_joined": "2015-06-25T00:25:47Z"}}, {"pk": 3, "model": "auth.user", "fields": {"username": "andyosuna2", "first_name": "Andrea", "last_name": "Moreno", "is_active": true, "is_superuser": false, "is_staff": false, "last_login": "2015-06-29T23:01:52Z", "groups": [], "user_permissions": [70, 61, 64, 67, 76, 77, 106], "password": "pbkdf2_sha256$10000$QJxaN8tPfzTg$/MBm8LY8rW0543Xamtm97seNyhnEBe4hhYuB1yXENX4=", "email": "andyosuna@gmail.com", "date_joined": "2015-06-29T23:01:33Z"}}, {"pk": 1, "model": "altas.historicalgrupo", "fields": {"history_type": "+", "numero": "B454", "nombre": "California Medical Administrators, LLC", "history_user": 1, "id": 1, "history_date": "2015-06-25T18:19:33Z"}}, {"pk": 3, "model": "altas.historicalmedico", "fields": {"direccion": "4511 Riviera Shores St", "licencia_especialidad": "AS456ASDF", "history_type": "~", "universidad_egreso": "UAG", "telefono": "6485498498", "mothers_last_name": "Osuna", "especialidad": "Ortodoncia", "licencia_medica": "6546416546", "rfc": "SDF6s65s46fasd4", "codigo_postal": 92154, "ciudad": "San Diego", "user": 1, "history_user": 1, "cedula_estatal": "65654ADSFAS6", "estado": "California", "id": 1, "history_date": "2015-06-29T23:05:07Z"}}, {"pk": 2, "model": "altas.historicalmedico", "fields": {"direccion": "4511 Riviera Shores St", "licencia_especialidad": "AS456ASDF", "history_type": "~", "universidad_egreso": "UAG", "telefono": "6485498498", "mothers_last_name": "Osuna", "especialidad": "Ortodoncia", "licencia_medica": "6546416546", "rfc": "SDF6s65s46fasd4", "codigo_postal": 92154, "ciudad": "San Diego", "user": 1, "history_user": 1, "cedula_estatal": "65654ADSFAS6", "estado": "California", "id": 1, "history_date": "2015-06-29T23:04:49Z"}}, {"pk": 1, "model": "altas.historicalmedico", "fields": {"direccion": "", "licencia_especialidad": "", "history_type": "+", "universidad_egreso": "UAG", "telefono": "9287505464", "mothers_last_name": "", "especialidad": "", "licencia_medica": "", "rfc": "GOOA910507M71", "codigo_postal": null, "ciudad": "", "user": 3, "history_user": 1, "cedula_estatal": "", "estado": "", "id": 2, "history_date": "2015-06-29T23:01:34Z"}}, {"pk": 1, "model": "altas.medico", "fields": {"licencia_especialidad": "AS456ASDF", "universidad_egreso": "UAG", "telefono": "6485498498", "mothers_last_name": "Osuna", "especialidad": "Ortodoncia", "direccion": "4511 Riviera Shores St", "rfc": "SDF6s65s46fasd4", "codigo_postal": 92154, "ciudad": "San Diego", "user": 1, "cedula_estatal": "65654ADSFAS6", "estado": "California", "licencia_medica": "6546416546"}}, {"pk": 2, "model": "altas.medico", "fields": {"licencia_especialidad": "", "universidad_egreso": "UAG", "telefono": "9287505464", "mothers_last_name": "", "especialidad": "", "direccion": "", "rfc": "GOOA910507M71", "codigo_postal": null, "ciudad": "", "user": 3, "cedula_estatal": "", "estado": "", "licencia_medica": ""}}, {"pk": 1, "model": "altas.historicalpaciente", "fields": {"apellidoMaterno": "Garcia", "imagen": "pacientes/Andy.jpg", "telefono": "6192183372", "nSs": "601236914", "ciudad": "Chula Vista", "sexo": "f", "apellidoPaterno": "Perez", "history_type": "+", "credencialPaciente": "001", "history_user": 1, "codigoPostal": 85346, "nombre": "Andy", "grupo": 2, "direccion": "4593 W Willow Street", "estado": "ca", "id": 2, "correoElectronico": "dperez@correo.com", "history_date": "2015-07-02T16:42:22Z"}}, {"pk": 8, "model": "clinica.historicalradiografia", "fields": {"history_type": "+", "description": "Lorem ipsum bacon dolor sit pork chops amet.", "title": "Anna", "created_at": "2015-06-30T16:36:18Z", "updated_at": "2015-06-30T16:36:18Z", "image": "radiografia/Anna-Kendrick-lips.jpg", "history_user": 1, "history_date": "2015-06-30T16:36:19Z", "id": 8, "paciente": 1}}, {"pk": 7, "model": "clinica.historicalradiografia", "fields": {"history_type": "+", "description": " Bacon ipsum pork chop sit amet", "title": "<3", "created_at": "2015-06-30T16:10:56Z", "updated_at": "2015-06-30T16:10:56Z", "image": "radiografia/anna-kendrick-pitch-perfect-650-430.jpg", "history_user": 1, "history_date": "2015-06-30T16:10:56Z", "id": 7, "paciente": 1}}, {"pk": 6, "model": "clinica.historicalradiografia", "fields": {"history_type": "+", "description": "Lorem ipsum dolor sit amet\r\n", "title": ":O", "created_at": "2015-06-30T16:10:28Z", "updated_at": "2015-06-30T16:10:28Z", "image": "radiografia/3029211-inline-i-4-most-creative-people-2014-anna-kendrick.jpg", "history_user": 1, "history_date": "2015-06-30T16:10:28Z", "id": 6, "paciente": 1}}, {"pk": 5, "model": "clinica.historicalradiografia", "fields": {"history_type": "+", "description": "Lorem ipsum dolor sit amet\r\n", "title": "Annie", "created_at": "2015-06-30T16:10:07Z", "updated_at": "2015-06-30T16:10:07Z", "image": "radiografia/Anna-Kendrick-1200-1026x684.jpg", "history_user": 1, "history_date": "2015-06-30T16:10:07Z", "id": 5, "paciente": 1}}, {"pk": 4, "model": "clinica.historicalradiografia", "fields": {"history_type": "+", "description": "Lorem ipsum dolor sit amet!", "title": ":3", "created_at": "2015-06-30T16:09:47Z", "updated_at": "2015-06-30T16:09:47Z", "image": "radiografia/pp-1429131019.gif", "history_user": 1, "history_date": "2015-06-30T16:09:47Z", "id": 4, "paciente": 1}}, {"pk": 3, "model": "clinica.historicalradiografia", "fields": {"history_type": "+", "description": "Lorem ipsum dolor sit amet...", "title": "!!!", "created_at": "2015-06-30T16:09:26Z", "updated_at": "2015-06-30T16:09:26Z", "image": "radiografia/giphy.gif", "history_user": 1, "history_date": "2015-06-30T16:09:26Z", "id": 3, "paciente": 1}}, {"pk": 2, "model": "clinica.historicalradiografia", "fields": {"history_type": "+", "description": "Bacon ipsum dolor sit amet. Pork chops.", "title": "Meh.", "created_at": "2015-06-30T16:03:21Z", "updated_at": "2015-06-30T16:03:21Z", "image": "radiografia/tina-fey-1.gif", "history_user": 1, "history_date": "2015-06-30T16:03:21Z", "id": 2, "paciente": 1}}, {"pk": 1, "model": "clinica.historicalradiografia", "fields": {"history_type": "+", "description": "Bacon ipsum dolor sit amet.", "title": "Mhahh.", "created_at": "2015-06-30T15:42:35Z", "updated_at": "2015-06-30T15:42:35Z", "image": "radiografia/meh_4BYGCvn.gif", "history_user": 1, "history_date": "2015-06-30T15:42:35Z", "id": 1, "paciente": 1}}, {"pk": 9, "model": "cotizacion.historicalcotizacionitem", "fields": {"status": "pendiente", "history_type": "+", "cotizacion": 8, "created_at": "2015-07-02T19:48:27Z", "precio": "5.00", "updated_at": "2015-07-02T19:48:27Z", "procedimiento": 9, "history_user": 1, "id": 9, "history_date": "2015-07-02T19:48:27Z"}}, {"pk": 8, "model": "cotizacion.historicalcotizacionitem", "fields": {"status": "pendiente", "history_type": "+", "cotizacion": 8, "created_at": "2015-07-02T19:48:27Z", "precio": "10.00", "updated_at": "2015-07-02T19:48:27Z", "procedimiento": 8, "history_user": 1, "id": 8, "history_date": "2015-07-02T19:48:27Z"}}, {"pk": 7, "model": "cotizacion.historicalcotizacionitem", "fields": {"status": "pendiente", "history_type": "+", "cotizacion": 8, "created_at": "2015-07-02T19:48:27Z", "precio": "5.00", "updated_at": "2015-07-02T19:48:27Z", "procedimiento": 7, "history_user": 1, "id": 7, "history_date": "2015-07-02T19:48:27Z"}}, {"pk": 6, "model": "cotizacion.historicalcotizacionitem", "fields": {"status": "pendiente", "history_type": "+", "cotizacion": 7, "created_at": "2015-07-02T19:14:25Z", "precio": "5.00", "updated_at": "2015-07-02T19:14:25Z", "procedimiento": 6, "history_user": 1, "id": 6, "history_date": "2015-07-02T19:14:25Z"}}, {"pk": 5, "model": "cotizacion.historicalcotizacionitem", "fields": {"status": "pendiente", "history_type": "+", "cotizacion": 6, "created_at": "2015-07-02T19:14:22Z", "precio": "5.00", "updated_at": "2015-07-02T19:14:22Z", "procedimiento": 5, "history_user": 1, "id": 5, "history_date": "2015-07-02T19:14:22Z"}}, {"pk": 4, "model": "cotizacion.historicalcotizacionitem", "fields": {"status": "pendiente", "history_type": "+", "cotizacion": 5, "created_at": "2015-07-02T19:14:18Z", "precio": "5.00", "updated_at": "2015-07-02T19:14:18Z", "procedimiento": 4, "history_user": 1, "id": 4, "history_date": "2015-07-02T19:14:18Z"}}, {"pk": 3, "model": "cotizacion.historicalcotizacionitem", "fields": {"status": "pendiente", "history_type": "+", "cotizacion": 4, "created_at": "2015-07-02T19:14:15Z", "precio": "5.00", "updated_at": "2015-07-02T19:14:15Z", "procedimiento": 3, "history_user": 1, "id": 3, "history_date": "2015-07-02T19:14:15Z"}}, {"pk": 2, "model": "cotizacion.historicalcotizacionitem", "fields": {"status": "pendiente", "history_type": "+", "cotizacion": 3, "created_at": "2015-07-02T19:14:11Z", "precio": "5.00", "updated_at": "2015-07-02T19:14:11Z", "procedimiento": 2, "history_user": 1, "id": 2, "history_date": "2015-07-02T19:14:11Z"}}, {"pk": 1, "model": "cotizacion.historicalcotizacionitem", "fields": {"status": "pendiente", "history_type": "+", "cotizacion": 2, "created_at": "2015-07-02T19:14:00Z", "precio": "5.00", "updated_at": "2015-07-02T19:14:00Z", "procedimiento": 1, "history_user": 1, "id": 1, "history_date": "2015-07-02T19:14:00Z"}}, {"pk": 4, "model": "admin.logentry", "fields": {"action_flag": 2, "action_time": "2015-06-29T23:05:22Z", "object_repr": "andyosuna", "object_id": "1", "change_message": "Modificado/a password, first_name y last_name.", "user": 1, "content_type": 4}}, {"pk": 3, "model": "admin.logentry", "fields": {"action_flag": 2, "action_time": "2015-06-29T23:05:07Z", "object_repr": "", "object_id": "1", "change_message": "No ha cambiado ning\u00fan campo.", "user": 1, "content_type": 12}}, {"pk": 2, "model": "admin.logentry", "fields": {"action_flag": 2, "action_time": "2015-06-29T23:04:49Z", "object_repr": "", "object_id": "1", "change_message": "Modificado/a mothers_last_name.", "user": 1, "content_type": 12}}, {"pk": 1, "model": "admin.logentry", "fields": {"action_flag": 3, "action_time": "2015-06-29T23:04:17Z", "object_repr": "dgonzalez", "object_id": "2", "change_message": "", "user": 1, "content_type": 4}}]
