[{"pk": 1, "model": "easy_thumbnails.source", "fields": {"name": "radiografia/meh_4BYGCvn.gif", "storage_hash": "f9bde26a1556cd667f742bd34ec7c55e", "modified": "2015-06-30T15:42:36Z"}},
{"pk": 2, "model": "easy_thumbnails.source", "fields": {"name": "radiografia/tina-fey-1.gif", "storage_hash": "f9bde26a1556cd667f742bd34ec7c55e", "modified": "2015-06-30T16:03:22Z"}},
{"pk": 3, "model": "easy_thumbnails.source", "fields": {"name": "radiografia/giphy.gif", "storage_hash": "f9bde26a1556cd667f742bd34ec7c55e", "modified": "2015-06-30T16:09:26Z"}},
{"pk": 4, "model": "easy_thumbnails.source", "fields": {"name": "radiografia/pp-1429131019.gif", "storage_hash": "f9bde26a1556cd667f742bd34ec7c55e", "modified": "2015-06-30T16:09:47Z"}},
{"pk": 5, "model": "easy_thumbnails.source", "fields": {"name": "radiografia/Anna-Kendrick-1200-1026x684.jpg", "storage_hash": "f9bde26a1556cd667f742bd34ec7c55e", "modified": "2015-06-30T16:10:08Z"}},
{"pk": 6, "model": "easy_thumbnails.source", "fields": {"name": "radiografia/3029211-inline-i-4-most-creative-people-2014-anna-kendrick.jpg", "storage_hash": "f9bde26a1556cd667f742bd34ec7c55e", "modified": "2015-06-30T16:10:28Z"}},
{"pk": 7, "model": "easy_thumbnails.source", "fields": {"name": "radiografia/anna-kendrick-pitch-perfect-650-430.jpg", "storage_hash": "f9bde26a1556cd667f742bd34ec7c55e", "modified": "2015-06-30T16:10:56Z"}},
{"pk": 8, "model": "easy_thumbnails.source", "fields": {"name": "radiografia/Anna-Kendrick-lips.jpg", "storage_hash": "f9bde26a1556cd667f742bd34ec7c55e", "modified": "2015-06-30T16:36:19Z"}},
{"pk": 1, "model": "easy_thumbnails.thumbnail", "fields": {"source": 1, "name": "radiografia/meh_4BYGCvn.gif.300x300_q85_crop.png", "storage_hash": "d26becbf46ac48eda79c7a39a13a02dd", "modified": "2015-06-30T15:42:36Z"}},
{"pk": 2, "model": "easy_thumbnails.thumbnail", "fields": {"source": 2, "name": "radiografia/tina-fey-1.gif.300x300_q85_crop.png", "storage_hash": "d26becbf46ac48eda79c7a39a13a02dd", "modified": "2015-06-30T16:03:23Z"}},
{"pk": 3, "model": "easy_thumbnails.thumbnail", "fields": {"source": 3, "name": "radiografia/giphy.gif.300x300_q85_crop.jpg", "storage_hash": "d26becbf46ac48eda79c7a39a13a02dd", "modified": "2015-06-30T16:09:27Z"}},
{"pk": 4, "model": "easy_thumbnails.thumbnail", "fields": {"source": 4, "name": "radiografia/pp-1429131019.gif.300x300_q85_crop.png", "storage_hash": "d26becbf46ac48eda79c7a39a13a02dd", "modified": "2015-06-30T16:09:47Z"}},
{"pk": 5, "model": "easy_thumbnails.thumbnail", "fields": {"source": 5, "name": "radiografia/Anna-Kendrick-1200-1026x684.jpg.300x300_q85_crop.jpg", "storage_hash": "d26becbf46ac48eda79c7a39a13a02dd", "modified": "2015-06-30T16:10:08Z"}},
{"pk": 6, "model": "easy_thumbnails.thumbnail", "fields": {"source": 6, "name": "radiografia/3029211-inline-i-4-most-creative-people-2014-anna-kendrick.jpg.300x300_q85_crop.jpg", "storage_hash": "d26becbf46ac48eda79c7a39a13a02dd", "modified": "2015-06-30T16:10:28Z"}},
{"pk": 7, "model": "easy_thumbnails.thumbnail", "fields": {"source": 7, "name": "radiografia/anna-kendrick-pitch-perfect-650-430.jpg.300x300_q85_crop.jpg", "storage_hash": "d26becbf46ac48eda79c7a39a13a02dd", "modified": "2015-06-30T16:10:56Z"}},
{"pk": 8, "model": "easy_thumbnails.thumbnail", "fields": {"source": 8, "name": "radiografia/Anna-Kendrick-lips.jpg.300x300_q85_crop.jpg", "storage_hash": "d26becbf46ac48eda79c7a39a13a02dd", "modified": "2015-06-30T16:36:19Z"}},
{"pk": 1, "model": "altas.grupo", "fields": {"nombre": "Amigos Mediexcel", "numero": "SDF1265487"}},
{"pk": 2, "model": "altas.grupo", "fields": {"nombre": "Mediexcel", "numero": "ASDSF16516"}},
{"pk": 3, "model": "altas.grupo", "fields": {"nombre": "Bancomer", "numero": "FSE536977"}},
{"pk": 4, "model": "altas.grupo", "fields": {"nombre": "Bacon", "numero": "sfsldf6465"}},
{"pk": 1, "model": "altas.paciente", "fields": {"apellidoMaterno": "Ezquivel", "imagen": "pacientes/Paola.png", "telefono": "9287832212", "nSs": "5621546878", "ciudad": "San Diego", "sexo": "f", "apellidoPaterno": "Perez", "credencialPaciente": "001", "codigoPostal": 92154, "nombre": "Paola", "grupo": 1, "direccion": "3534 W 14th St", "estado": "ca", "correoElectronico": "dperez@correo.com"}},
{"pk": 2, "model": "altas.paciente", "fields": {"apellidoMaterno": "Garcia", "imagen": "pacientes/Andy.jpg", "telefono": "6192183372", "nSs": "601236914", "ciudad": "Chula Vista", "sexo": "f", "apellidoPaterno": "Perez", "credencialPaciente": "001", "codigoPostal": 85346, "nombre": "Andy", "grupo": 2, "direccion": "4593 W Willow Street", "estado": "ca", "correoElectronico": "dperez@correo.com"}},
{"pk": 1, "model": "altas.evaluacion", "fields": {"nombre": "Oral Evaluations", "codigo": "D1110"}},
{"pk": 1, "model": "altas.tratamientopreventivo", "fields": {"nombre": "Pulp Vitality Test", "codigo": "D1110"}},
{"pk": 1, "model": "altas.tratamiento", "fields": {"nombre": "Amalgam", "codigo": "D1110"}},
{"pk": 2, "model": "altas.tratamiento", "fields": {"nombre": "Periapicals", "codigo": "D0120"}},
{"pk": 3, "model": "altas.tratamiento", "fields": {"nombre": "Prophy - Adult", "codigo": "D0460"}},
{"pk": 4, "model": "altas.tratamiento", "fields": {"nombre": "meh Meh", "codigo": "B38474"}},
{"pk": 1, "model": "clinica.odontograma", "fields": {"medico": 1, "paciente": 1, "notas": "Blah", "created_at": "2015-06-25T18:41:06Z", "updated_at": "2015-06-25T18:41:06Z", "evaluacion": 1, "tratamiento_preventivo": 1}},
{"pk": 2, "model": "clinica.odontograma", "fields": {"medico": 1, "paciente": 1, "notas": "dasfdsafd", "created_at": "2015-06-25T18:42:19Z", "updated_at": "2015-06-25T18:42:19Z", "evaluacion": 1, "tratamiento_preventivo": 1}},
{"pk": 3, "model": "clinica.odontograma", "fields": {"medico": 1, "paciente": 1, "notas": "dasfdsafd", "created_at": "2015-06-25T18:56:19Z", "updated_at": "2015-06-25T18:56:19Z", "evaluacion": 1, "tratamiento_preventivo": 1}},
{"pk": 4, "model": "clinica.odontograma", "fields": {"medico": 1, "paciente": 1, "notas": "dasfdsafd", "created_at": "2015-06-25T19:00:30Z", "updated_at": "2015-06-25T19:00:30Z", "evaluacion": 1, "tratamiento_preventivo": 1}},
{"pk": 5, "model": "clinica.odontograma", "fields": {"medico": 1, "paciente": 1, "notas": "dasfdsafd", "created_at": "2015-06-25T19:01:17Z", "updated_at": "2015-06-25T19:01:17Z", "evaluacion": 1, "tratamiento_preventivo": 1}},
{"pk": 6, "model": "clinica.odontograma", "fields": {"medico": 1, "paciente": 1, "notas": "sadsadsa", "created_at": "2015-06-25T19:08:36Z", "updated_at": "2015-06-25T19:08:36Z", "evaluacion": 1, "tratamiento_preventivo": 1}},
{"pk": 7, "model": "clinica.odontograma", "fields": {"medico": 1, "paciente": 1, "notas": "asdsadsa", "created_at": "2015-06-25T19:09:23Z", "updated_at": "2015-06-25T19:09:23Z", "evaluacion": 1, "tratamiento_preventivo": 1}},
{"pk": 8, "model": "clinica.odontograma", "fields": {"medico": 1, "paciente": 1, "notas": "Lorem ipsum dolor sit amet", "created_at": "2015-07-02T19:48:26Z", "updated_at": "2015-07-02T19:48:26Z", "evaluacion": 1, "tratamiento_preventivo": null}},
{"pk": 1, "model": "clinica.procedimiento", "fields": {"status": "recomendado", "notas": "", "diagnostico": "sadsa", "pieza": 13, "odontograma": 2, "cara": "C", "tratamiento": 1}},
{"pk": 2, "model": "clinica.procedimiento", "fields": {"status": "recomendado", "notas": "", "diagnostico": "sadsa", "pieza": 13, "odontograma": 3, "cara": "C", "tratamiento": 1}},
{"pk": 3, "model": "clinica.procedimiento", "fields": {"status": "recomendado", "notas": "", "diagnostico": "sadsa", "pieza": 13, "odontograma": 4, "cara": "C", "tratamiento": 1}},
{"pk": 4, "model": "clinica.procedimiento", "fields": {"status": "recomendado", "notas": "", "diagnostico": "sadsa", "pieza": 13, "odontograma": 5, "cara": "C", "tratamiento": 1}},
{"pk": 5, "model": "clinica.procedimiento", "fields": {"status": "recomendado", "notas": "", "diagnostico": "asdas", "pieza": 14, "odontograma": 6, "cara": "C", "tratamiento": 1}},
{"pk": 6, "model": "clinica.procedimiento", "fields": {"status": "recomendado", "notas": "", "diagnostico": "asdsa", "pieza": 14, "odontograma": 7, "cara": "I", "tratamiento": 1}},
{"pk": 7, "model": "clinica.procedimiento", "fields": {"status": "recomendado", "notas": "", "diagnostico": "Meh", "pieza": 14, "odontograma": 8, "cara": "X", "tratamiento": 1}},
{"pk": 8, "model": "clinica.procedimiento", "fields": {"status": "recomendado", "notas": "", "diagnostico": "Mah", "pieza": 22, "odontograma": 8, "cara": "C", "tratamiento": 3}},
{"pk": 9, "model": "clinica.procedimiento", "fields": {"status": "recomendado", "notas": "", "diagnostico": "Much", "pieza": 34, "odontograma": 8, "cara": "I", "tratamiento": 2}},
{"pk": 1, "model": "clinica.radiografia", "fields": {"description": "Bacon ipsum dolor sit amet.", "title": "Mhahh.", "created_at": "2015-06-30T15:42:35Z", "updated_at": "2015-06-30T15:42:35Z", "image": "radiografia/meh_4BYGCvn.gif", "paciente": 1}},
{"pk": 2, "model": "clinica.radiografia", "fields": {"description": "Bacon ipsum dolor sit amet. Pork chops.", "title": "Meh.", "created_at": "2015-06-30T16:03:21Z", "updated_at": "2015-06-30T16:03:21Z", "image": "radiografia/tina-fey-1.gif", "paciente": 1}},
{"pk": 3, "model": "clinica.radiografia", "fields": {"description": "Lorem ipsum dolor sit amet...", "title": "!!!", "created_at": "2015-06-30T16:09:26Z", "updated_at": "2015-06-30T16:09:26Z", "image": "radiografia/giphy.gif", "paciente": 1}},
{"pk": 4, "model": "clinica.radiografia", "fields": {"description": "Lorem ipsum dolor sit amet!", "title": ":3", "created_at": "2015-06-30T16:09:47Z", "updated_at": "2015-06-30T16:09:47Z", "image": "radiografia/pp-1429131019.gif", "paciente": 1}},
{"pk": 5, "model": "clinica.radiografia", "fields": {"description": "Lorem ipsum dolor sit amet\r\n", "title": "Annie", "created_at": "2015-06-30T16:10:07Z", "updated_at": "2015-06-30T16:10:07Z", "image": "radiografia/Anna-Kendrick-1200-1026x684.jpg", "paciente": 1}},
{"pk": 6, "model": "clinica.radiografia", "fields": {"description": "Lorem ipsum dolor sit amet\r\n", "title": ":O", "created_at": "2015-06-30T16:10:28Z", "updated_at": "2015-06-30T16:10:28Z", "image": "radiografia/3029211-inline-i-4-most-creative-people-2014-anna-kendrick.jpg", "paciente": 1}},
{"pk": 7, "model": "clinica.radiografia", "fields": {"description": " Bacon ipsum pork chop sit amet", "title": "<3", "created_at": "2015-06-30T16:10:56Z", "updated_at": "2015-06-30T16:10:56Z", "image": "radiografia/anna-kendrick-pitch-perfect-650-430.jpg", "paciente": 1}},
{"pk": 8, "model": "clinica.radiografia", "fields": {"description": "Lorem ipsum bacon dolor sit pork chops amet.", "title": "Anna", "created_at": "2015-06-30T16:36:18Z", "updated_at": "2015-06-30T16:36:18Z", "image": "radiografia/Anna-Kendrick-lips.jpg", "paciente": 1}},
{"pk": 1, "model": "cotizacion.cotizacion", "fields": {"created_at": "2015-07-02T19:13:51Z", "updated_at": "2015-07-02T19:13:51Z", "odontograma": 1}},
{"pk": 2, "model": "cotizacion.cotizacion", "fields": {"created_at": "2015-07-02T19:14:00Z", "updated_at": "2015-07-02T19:14:00Z", "odontograma": 2}},
{"pk": 3, "model": "cotizacion.cotizacion", "fields": {"created_at": "2015-07-02T19:14:11Z", "updated_at": "2015-07-02T19:14:11Z", "odontograma": 3}},
{"pk": 4, "model": "cotizacion.cotizacion", "fields": {"created_at": "2015-07-02T19:14:15Z", "updated_at": "2015-07-02T19:14:15Z", "odontograma": 4}},
{"pk": 5, "model": "cotizacion.cotizacion", "fields": {"created_at": "2015-07-02T19:14:18Z", "updated_at": "2015-07-02T19:14:18Z", "odontograma": 5}},
{"pk": 6, "model": "cotizacion.cotizacion", "fields": {"created_at": "2015-07-02T19:14:22Z", "updated_at": "2015-07-02T19:14:22Z", "odontograma": 6}},
{"pk": 7, "model": "cotizacion.cotizacion", "fields": {"created_at": "2015-07-02T19:14:25Z", "updated_at": "2015-07-02T19:14:25Z", "odontograma": 7}},
{"pk": 8, "model": "cotizacion.cotizacion", "fields": {"created_at": "2015-07-02T19:48:27Z", "updated_at": "2015-07-02T19:48:27Z", "odontograma": 8}},
{"pk": 1, "model": "cotizacion.cotizacionitem", "fields": {"status": "pendiente", "cotizacion": 2, "created_at": "2015-07-02T19:14:00Z", "precio": "5.00", "updated_at": "2015-07-02T19:14:00Z", "procedimiento": 1}},
{"pk": 2, "model": "cotizacion.cotizacionitem", "fields": {"status": "pendiente", "cotizacion": 3, "created_at": "2015-07-02T19:14:11Z", "precio": "5.00", "updated_at": "2015-07-02T19:14:11Z", "procedimiento": 2}},
{"pk": 3, "model": "cotizacion.cotizacionitem", "fields": {"status": "pendiente", "cotizacion": 4, "created_at": "2015-07-02T19:14:15Z", "precio": "5.00", "updated_at": "2015-07-02T19:14:15Z", "procedimiento": 3}},
{"pk": 4, "model": "cotizacion.cotizacionitem", "fields": {"status": "pendiente", "cotizacion": 5, "created_at": "2015-07-02T19:14:18Z", "precio": "5.00", "updated_at": "2015-07-02T19:14:18Z", "procedimiento": 4}},
{"pk": 5, "model": "cotizacion.cotizacionitem", "fields": {"status": "pendiente", "cotizacion": 6, "created_at": "2015-07-02T19:14:22Z", "precio": "5.00", "updated_at": "2015-07-02T19:14:22Z", "procedimiento": 5}},
{"pk": 6, "model": "cotizacion.cotizacionitem", "fields": {"status": "pendiente", "cotizacion": 7, "created_at": "2015-07-02T19:14:25Z", "precio": "5.00", "updated_at": "2015-07-02T19:14:25Z", "procedimiento": 6}},
{"pk": 7, "model": "cotizacion.cotizacionitem", "fields": {"status": "pendiente", "cotizacion": 8, "created_at": "2015-07-02T19:48:27Z", "precio": "5.00", "updated_at": "2015-07-02T19:48:27Z", "procedimiento": 7}},
{"pk": 8, "model": "cotizacion.cotizacionitem", "fields": {"status": "pendiente", "cotizacion": 8, "created_at": "2015-07-02T19:48:27Z", "precio": "10.00", "updated_at": "2015-07-02T19:48:27Z", "procedimiento": 8}},
{"pk": 9, "model": "cotizacion.cotizacionitem", "fields": {"status": "pendiente", "cotizacion": 8, "created_at": "2015-07-02T19:48:27Z", "precio": "5.00", "updated_at": "2015-07-02T19:48:27Z", "procedimiento": 9}},
{"pk": 1, "model": "inventario.unidadmedida", "fields": {"prefix": "ml", "unidad": "Mililitro"}},
{"pk": 2, "model": "inventario.unidadmedida", "fields": {"prefix": "pil", "unidad": "Pildora"}},
{"pk": 3, "model": "inventario.unidadmedida", "fields": {"prefix": "gr", "unidad": "Gramo"}},
{"pk": 4, "model": "inventario.unidadmedida", "fields": {"prefix": "pz", "unidad": "Pieza"}},
{"pk": 1, "model": "inventario.producto", "fields": {"is_inactive": false, "porciones": 20, "created_at": "2015-05-12T18:10:37Z", "updated_at": "2015-06-07T00:34:48Z", "unidad_medida": 1, "descripcion": "Lorem ipsum", "nombre": "Bacon", "precio_porcion": "55.00"}},
{"pk": 2, "model": "inventario.producto", "fields": {"is_inactive": false, "porciones": 77, "created_at": "2015-05-13T17:30:55Z", "updated_at": "2015-06-07T00:34:48Z", "unidad_medida": 4, "descripcion": "Bacon ipsum dolor amet rump tri-tip frankfurter jerky. Boudin chuck turkey pork short ribs pastrami tail jowl bresaola jerky prosciutto salami capicola ham hock.", "nombre": "Bacon Plus", "precio_porcion": "1.00"}},
{"pk": 3, "model": "inventario.producto", "fields": {"is_inactive": false, "porciones": 23, "created_at": "2015-05-29T18:32:44Z", "updated_at": "2015-06-04T15:52:23Z", "unidad_medida": 2, "descripcion": "asdfasdfasdfasf ", "nombre": "Tocino", "precio_porcion": "50.00"}},
{"pk": 4, "model": "inventario.producto", "fields": {"is_inactive": false, "porciones": 11, "created_at": "2015-06-09T15:51:15Z", "updated_at": "2015-06-15T18:16:54Z", "unidad_medida": 2, "descripcion": "The cheesiest of the cheesieset.", "nombre": "Cheese Melt", "precio_porcion": "50.00"}},
{"pk": 5, "model": "inventario.producto", "fields": {"is_inactive": false, "porciones": 49, "created_at": "2015-06-15T16:29:43Z", "updated_at": "2015-06-15T18:16:55Z", "unidad_medida": 1, "descripcion": "Awesomeness.", "nombre": "Cuban Sandwich", "precio_porcion": "8.00"}},
{"pk": 6, "model": "inventario.producto", "fields": {"is_inactive": false, "porciones": 0, "created_at": "2015-06-15T16:30:18Z", "updated_at": "2015-06-15T16:30:18Z", "unidad_medida": 3, "descripcion": "The Classic.", "nombre": "Chicken Teriyaki", "precio_porcion": "50.00"}},
{"pk": 1, "model": "consumidos.paquete", "fields": {"descripcion": "Meh.", "nombre": "Bacon", "is_inactive": false}},
{"pk": 2, "model": "consumidos.paquete", "fields": {"descripcion": "Nomas Lorem ipsum esse", "nombre": "Bilingue", "is_inactive": false}},
{"pk": 3, "model": "consumidos.paquete", "fields": {"descripcion": "Because multiculturalism is awesome.", "nombre": "International", "is_inactive": false}},
{"pk": 1, "model": "consumidos.paqueteitem", "fields": {"producto": 1, "cantidad_producto": "1.00", "paquete": 1}},
{"pk": 2, "model": "consumidos.paqueteitem", "fields": {"producto": 2, "cantidad_producto": "1.00", "paquete": 1}},
{"pk": 3, "model": "consumidos.paqueteitem", "fields": {"producto": 1, "cantidad_producto": "1.00", "paquete": 2}},
{"pk": 4, "model": "consumidos.paqueteitem", "fields": {"producto": 3, "cantidad_producto": "1.00", "paquete": 2}},
{"pk": 5, "model": "consumidos.paqueteitem", "fields": {"producto": 5, "cantidad_producto": "1.00", "paquete": 3}},
{"pk": 6, "model": "consumidos.paqueteitem", "fields": {"producto": 6, "cantidad_producto": "1.00", "paquete": 3}},
{"pk": 1, "model": "precios.preciotratamiento", "fields": {"grupo": 1, "precio": "5.000", "tratamiento": 1}},
{"pk": 2, "model": "precios.preciotratamiento", "fields": {"grupo": 2, "precio": "5.000", "tratamiento": 1}},
{"pk": 3, "model": "precios.preciotratamiento", "fields": {"grupo": 1, "precio": "5.000", "tratamiento": 2}},
{"pk": 4, "model": "precios.preciotratamiento", "fields": {"grupo": 2, "precio": "5.000", "tratamiento": 2}},
{"pk": 5, "model": "precios.preciotratamiento", "fields": {"grupo": 1, "precio": "10.000", "tratamiento": 3}},
{"pk": 6, "model": "precios.preciotratamiento", "fields": {"grupo": 2, "precio": "10.000", "tratamiento": 3}},
{"pk": 7, "model": "precios.preciotratamiento", "fields": {"grupo": 3, "precio": "50.000", "tratamiento": 1}},
{"pk": 8, "model": "precios.preciotratamiento", "fields": {"grupo": 3, "precio": "50.000", "tratamiento": 2}},
{"pk": 9, "model": "precios.preciotratamiento", "fields": {"grupo": 3, "precio": "55.000", "tratamiento": 3}},
{"pk": 10, "model": "precios.preciotratamiento", "fields": {"grupo": 1, "precio": "5.000", "tratamiento": 4}},
{"pk": 11, "model": "precios.preciotratamiento", "fields": {"grupo": 2, "precio": "5.000", "tratamiento": 4}},
{"pk": 12, "model": "precios.preciotratamiento", "fields": {"grupo": 3, "precio": "5.000", "tratamiento": 4}},
{"pk": 13, "model": "precios.preciotratamiento", "fields": {"grupo": 4, "precio": "0.000", "tratamiento": 1}},
{"pk": 14, "model": "precios.preciotratamiento", "fields": {"grupo": 4, "precio": "0.000", "tratamiento": 2}},
{"pk": 15, "model": "precios.preciotratamiento", "fields": {"grupo": 4, "precio": "0.000", "tratamiento": 3}},
{"pk": 16, "model": "precios.preciotratamiento", "fields": {"grupo": 4, "precio": "0.000", "tratamiento": 4}},
{"pk": 3, "model": "auth.user", "fields": {"username": "andyosuna2", "first_name": "Andrea", "last_name": "Moreno", "is_active": true, "is_superuser": false, "is_staff": false, "last_login": "2015-06-29T23:01:52Z", "groups": [], "user_permissions": [70, 61, 64, 67, 76, 77, 106], "password": "pbkdf2_sha256$10000$QJxaN8tPfzTg$/MBm8LY8rW0543Xamtm97seNyhnEBe4hhYuB1yXENX4=", "email": "andyosuna@gmail.com", "date_joined": "2015-06-29T23:01:33Z"}},
{"pk": 1, "model": "altas.historicalgrupo", "fields": {"history_type": "+", "numero": "B454", "nombre": "California Medical Administrators, LLC", "history_user": 1, "id": 1, "history_date": "2015-06-25T18:19:33Z"}},
{"pk": 3, "model": "altas.historicalmedico", "fields": {"direccion": "4511 Riviera Shores St", "licencia_especialidad": "AS456ASDF", "history_type": "~", "universidad_egreso": "UAG", "telefono": "6485498498", "mothers_last_name": "Osuna", "especialidad": "Ortodoncia", "licencia_medica": "6546416546", "rfc": "SDF6s65s46fasd4", "codigo_postal": 92154, "ciudad": "San Diego", "user": 1, "history_user": 1, "cedula_estatal": "65654ADSFAS6", "estado": "California", "id": 1, "history_date": "2015-06-29T23:05:07Z"}},
{"pk": 2, "model": "altas.historicalmedico", "fields": {"direccion": "4511 Riviera Shores St", "licencia_especialidad": "AS456ASDF", "history_type": "~", "universidad_egreso": "UAG", "telefono": "6485498498", "mothers_last_name": "Osuna", "especialidad": "Ortodoncia", "licencia_medica": "6546416546", "rfc": "SDF6s65s46fasd4", "codigo_postal": 92154, "ciudad": "San Diego", "user": 1, "history_user": 1, "cedula_estatal": "65654ADSFAS6", "estado": "California", "id": 1, "history_date": "2015-06-29T23:04:49Z"}},
{"pk": 1, "model": "altas.historicalmedico", "fields": {"direccion": "", "licencia_especialidad": "", "history_type": "+", "universidad_egreso": "UAG", "telefono": "9287505464", "mothers_last_name": "", "especialidad": "", "licencia_medica": "", "rfc": "GOOA910507M71", "codigo_postal": null, "ciudad": "", "user": 3, "history_user": 1, "cedula_estatal": "", "estado": "", "id": 2, "history_date": "2015-06-29T23:01:34Z"}},
{"pk": 1, "model": "altas.medico", "fields": {"licencia_especialidad": "AS456ASDF", "universidad_egreso": "UAG", "telefono": "6485498498", "mothers_last_name": "Osuna", "especialidad": "Ortodoncia", "direccion": "4511 Riviera Shores St", "rfc": "SDF6s65s46fasd4", "codigo_postal": 92154, "ciudad": "San Diego", "user": 1, "cedula_estatal": "65654ADSFAS6", "estado": "California", "licencia_medica": "6546416546"}},
{"pk": 2, "model": "altas.medico", "fields": {"licencia_especialidad": "", "universidad_egreso": "UAG", "telefono": "9287505464", "mothers_last_name": "", "especialidad": "", "direccion": "", "rfc": "GOOA910507M71", "codigo_postal": null, "ciudad": "", "user": 3, "cedula_estatal": "", "estado": "", "licencia_medica": ""}},
{"pk": 1, "model": "altas.historicalpaciente", "fields": {"apellidoMaterno": "Garcia", "imagen": "pacientes/Andy.jpg", "telefono": "6192183372", "nSs": "601236914", "ciudad": "Chula Vista", "sexo": "f", "apellidoPaterno": "Perez", "history_type": "+", "credencialPaciente": "001", "history_user": 1, "codigoPostal": 85346, "nombre": "Andy", "grupo": 2, "direccion": "4593 W Willow Street", "estado": "ca", "id": 2, "correoElectronico": "dperez@correo.com", "history_date": "2015-07-02T16:42:22Z"}},
{"pk": 8, "model": "clinica.historicalradiografia", "fields": {"history_type": "+", "description": "Lorem ipsum bacon dolor sit pork chops amet.", "title": "Anna", "created_at": "2015-06-30T16:36:18Z", "updated_at": "2015-06-30T16:36:18Z", "image": "radiografia/Anna-Kendrick-lips.jpg", "history_user": 1, "history_date": "2015-06-30T16:36:19Z", "id": 8, "paciente": 1}},
{"pk": 7, "model": "clinica.historicalradiografia", "fields": {"history_type": "+", "description": " Bacon ipsum pork chop sit amet", "title": "<3", "created_at": "2015-06-30T16:10:56Z", "updated_at": "2015-06-30T16:10:56Z", "image": "radiografia/anna-kendrick-pitch-perfect-650-430.jpg", "history_user": 1, "history_date": "2015-06-30T16:10:56Z", "id": 7, "paciente": 1}},
{"pk": 6, "model": "clinica.historicalradiografia", "fields": {"history_type": "+", "description": "Lorem ipsum dolor sit amet\r\n", "title": ":O", "created_at": "2015-06-30T16:10:28Z", "updated_at": "2015-06-30T16:10:28Z", "image": "radiografia/3029211-inline-i-4-most-creative-people-2014-anna-kendrick.jpg", "history_user": 1, "history_date": "2015-06-30T16:10:28Z", "id": 6, "paciente": 1}},
{"pk": 5, "model": "clinica.historicalradiografia", "fields": {"history_type": "+", "description": "Lorem ipsum dolor sit amet\r\n", "title": "Annie", "created_at": "2015-06-30T16:10:07Z", "updated_at": "2015-06-30T16:10:07Z", "image": "radiografia/Anna-Kendrick-1200-1026x684.jpg", "history_user": 1, "history_date": "2015-06-30T16:10:07Z", "id": 5, "paciente": 1}},
{"pk": 4, "model": "clinica.historicalradiografia", "fields": {"history_type": "+", "description": "Lorem ipsum dolor sit amet!", "title": ":3", "created_at": "2015-06-30T16:09:47Z", "updated_at": "2015-06-30T16:09:47Z", "image": "radiografia/pp-1429131019.gif", "history_user": 1, "history_date": "2015-06-30T16:09:47Z", "id": 4, "paciente": 1}},
{"pk": 3, "model": "clinica.historicalradiografia", "fields": {"history_type": "+", "description": "Lorem ipsum dolor sit amet...", "title": "!!!", "created_at": "2015-06-30T16:09:26Z", "updated_at": "2015-06-30T16:09:26Z", "image": "radiografia/giphy.gif", "history_user": 1, "history_date": "2015-06-30T16:09:26Z", "id": 3, "paciente": 1}},
{"pk": 2, "model": "clinica.historicalradiografia", "fields": {"history_type": "+", "description": "Bacon ipsum dolor sit amet. Pork chops.", "title": "Meh.", "created_at": "2015-06-30T16:03:21Z", "updated_at": "2015-06-30T16:03:21Z", "image": "radiografia/tina-fey-1.gif", "history_user": 1, "history_date": "2015-06-30T16:03:21Z", "id": 2, "paciente": 1}},
{"pk": 1, "model": "clinica.historicalradiografia", "fields": {"history_type": "+", "description": "Bacon ipsum dolor sit amet.", "title": "Mhahh.", "created_at": "2015-06-30T15:42:35Z", "updated_at": "2015-06-30T15:42:35Z", "image": "radiografia/meh_4BYGCvn.gif", "history_user": 1, "history_date": "2015-06-30T15:42:35Z", "id": 1, "paciente": 1}},
{"pk": 9, "model": "cotizacion.historicalcotizacionitem", "fields": {"status": "pendiente", "history_type": "+", "cotizacion": 8, "created_at": "2015-07-02T19:48:27Z", "precio": "5.00", "updated_at": "2015-07-02T19:48:27Z", "procedimiento": 9, "history_user": 1, "id": 9, "history_date": "2015-07-02T19:48:27Z"}},
{"pk": 8, "model": "cotizacion.historicalcotizacionitem", "fields": {"status": "pendiente", "history_type": "+", "cotizacion": 8, "created_at": "2015-07-02T19:48:27Z", "precio": "10.00", "updated_at": "2015-07-02T19:48:27Z", "procedimiento": 8, "history_user": 1, "id": 8, "history_date": "2015-07-02T19:48:27Z"}},
{"pk": 7, "model": "cotizacion.historicalcotizacionitem", "fields": {"status": "pendiente", "history_type": "+", "cotizacion": 8, "created_at": "2015-07-02T19:48:27Z", "precio": "5.00", "updated_at": "2015-07-02T19:48:27Z", "procedimiento": 7, "history_user": 1, "id": 7, "history_date": "2015-07-02T19:48:27Z"}},
{"pk": 6, "model": "cotizacion.historicalcotizacionitem", "fields": {"status": "pendiente", "history_type": "+", "cotizacion": 7, "created_at": "2015-07-02T19:14:25Z", "precio": "5.00", "updated_at": "2015-07-02T19:14:25Z", "procedimiento": 6, "history_user": 1, "id": 6, "history_date": "2015-07-02T19:14:25Z"}},
{"pk": 5, "model": "cotizacion.historicalcotizacionitem", "fields": {"status": "pendiente", "history_type": "+", "cotizacion": 6, "created_at": "2015-07-02T19:14:22Z", "precio": "5.00", "updated_at": "2015-07-02T19:14:22Z", "procedimiento": 5, "history_user": 1, "id": 5, "history_date": "2015-07-02T19:14:22Z"}},
{"pk": 4, "model": "cotizacion.historicalcotizacionitem", "fields": {"status": "pendiente", "history_type": "+", "cotizacion": 5, "created_at": "2015-07-02T19:14:18Z", "precio": "5.00", "updated_at": "2015-07-02T19:14:18Z", "procedimiento": 4, "history_user": 1, "id": 4, "history_date": "2015-07-02T19:14:18Z"}},
{"pk": 3, "model": "cotizacion.historicalcotizacionitem", "fields": {"status": "pendiente", "history_type": "+", "cotizacion": 4, "created_at": "2015-07-02T19:14:15Z", "precio": "5.00", "updated_at": "2015-07-02T19:14:15Z", "procedimiento": 3, "history_user": 1, "id": 3, "history_date": "2015-07-02T19:14:15Z"}},
{"pk": 2, "model": "cotizacion.historicalcotizacionitem", "fields": {"status": "pendiente", "history_type": "+", "cotizacion": 3, "created_at": "2015-07-02T19:14:11Z", "precio": "5.00", "updated_at": "2015-07-02T19:14:11Z", "procedimiento": 2, "history_user": 1, "id": 2, "history_date": "2015-07-02T19:14:11Z"}},
{"pk": 1, "model": "cotizacion.historicalcotizacionitem", "fields": {"status": "pendiente", "history_type": "+", "cotizacion": 2, "created_at": "2015-07-02T19:14:00Z", "precio": "5.00", "updated_at": "2015-07-02T19:14:00Z", "procedimiento": 1, "history_user": 1, "id": 1, "history_date": "2015-07-02T19:14:00Z"}}]
